slug,fichier,octets,sha256,etat,url
1982-depuis-la-honte-de-gijon,1982-depuis-la-honte-de-gijon/1c0d6522-3462-4d9d-832f-14532f9a4a74_1624x969.png,2672536,fd817a4209d1100050d5eaa22f33aaf23a93417da4f92f5ea348ed209517dc39,lien vers l'original,https://substack-post-media.s3.amazonaws.com/public/images/1c0d6522-3462-4d9d-832f-14532f9a4a74_1624x969.png
1982-depuis-la-honte-de-gijon,1982-depuis-la-honte-de-gijon/31f87098-41b7-44b7-8053-a113804f2560_1055x1490.png,2655092,a0a6b3e90fdb38a80146255b7903aed7a6ae23016ccd41f679a8a8feed86bf5f,déjà présent,https://substack-post-media.s3.amazonaws.com/public/images/31f87098-41b7-44b7-8053-a113804f2560_1055x1490.png
1982-depuis-la-honte-de-gijon,1982-depuis-la-honte-de-gijon/6995a0cf-6017-4b57-a0a7-eced84a6d4b9_1056x1490.png,2560797,66d595f5522e766beffc8751873a19392869ba71196c1d2746feb74ab8bd2268,déjà présent,https://substack-post-media.s3.amazonaws.com/public/images/6995a0cf-6017-4b57-a0a7-eced84a6d4b9_1056x1490.png
1982-depuis-la-honte-de-gijon,1982-depuis-la-honte-de-gijon/b61e6b7d-5939-4eab-96b3-0d1e0845eb1e_1055x1490.png,2630756,0aa9818718831a7b676cdc3a6afa106ec7f812ab1af003144932c3c64acd5106,déjà présent,https://substack-post-media.s3.amazonaws.com/public/images/b61e6b7d-5939-4eab-96b3-0d1e0845eb1e_1055x1490.png
1982-depuis-la-honte-de-gijon,1982-depuis-la-honte-de-gijon/c4cf59bd-55a0-4260-8002-3e27580c04ae_1055x1490.png,2426014,4175aeb49642bf0f790b6b3c61064772fb423297f5ee29b934eeb272d1494052,déjà présent,https://substack-post-media.s3.amazonaws.com/public/images/c4cf59bd-55a0-4260-8002-3e27580c04ae_1055x1490.png
1982-depuis-la-honte-de-gijon,1982-depuis-la-honte-de-gijon/e44b1294-39f9-43ad-b41a-d58192f1270f_1983x793.png,2587276,63f25629dcdf2c4fd896b90a8dea8045679a0fbe3ae154452b985168bb815715,lien vers l'original,https://substack-post-media.s3.amazonaws.com/public/images/e44b1294-39f9-43ad-b41a-d58192f1270f_1983x793.png
1982-depuis-la-honte-de-gijon,1982-depuis-la-honte-de-gijon/e9671aa3-8d1c-484a-af47-961ac55584f2_1054x1492.png,2689418,c6093bb1baf3a3dbc0d5cdc180c29be4aee5eab9d35f9db77e66b178d7030d4a,déjà présent,https://substack-post-media.s3.amazonaws.com/public/images/e9671aa3-8d1c-484a-af47-961ac55584f2_1054x1492.png
adn,adn/04325487-28c9-447f-b287-325021301888_1254x1254.png,2514748,47077279014f20b1da8d284afaad83bead177156ddfebff6dd6dceb7bf56cdca,déjà présent,https://substack-post-media.s3.amazonaws.com/public/images/04325487-28c9-447f-b287-325021301888_1254x1254.png
adn,adn/0e84144d-8a3e-4fc7-9670-1717ac35c730_1254x1254.png,2841106,a91c79476cc1ae7b16013c6ddf677b0cf6cf0ef7160a1a40e176d40198c1c540,déjà présent,https://substack-post-media.s3.amazonaws.com/public/images/0e84144d-8a3e-4fc7-9670-1717ac35c730_1254x1254.png
adn,adn/1c0d6522-3462-4d9d-832f-14532f9a4a74_1624x969.png,2672536,fd817a4209d1100050d5eaa22f33aaf23a93417da4f92f5ea348ed209517dc39,lien vers l'original,https://substack-post-media.s3.amazonaws.com/public/images/1c0d6522-3462-4d9d-832f-14532f9a4a74_1624x969.png
adn,adn/4962f504-0dd4-4124-85bb-a3acdfdcbdca_1254x1254.png,2196361,49a0d182019d58569c606d9d180eb5b69efee24a013196b2d2360749cd8c678d,déjà présent,https://substack-post-media.s3.amazonaws.com/public/images/4962f504-0dd4-4124-85bb-a3acdfdcbdca_1254x1254.png
adn,adn/75a7a2c3-b822-41b9-9b91-f1a2471204ea_1254x1254.png,2915191,3dea9cda658156a60e3a80fc83995ad268e10015fe111c235b72294bf0922889,déjà présent,https://substack-post-media.s3.amazonaws.com/public/images/75a7a2c3-b822-41b9-9b91-f1a2471204ea_1254x1254.png
adn,adn/8502a410-b262-47c1-a240-59fb6cc363c0_1024x1536.png,2716518,bd2b0ca7ecb906f2313ff8df92dd69710944ec178bb25af2240519020ae85b4f,déjà présent,https://substack-post-media.s3.amazonaws.com/public/images/8502a410-b262-47c1-a240-59fb6cc363c0_1024x1536.png
adn,adn/ce8ced62-7dec-4626-bbbc-d2d345d7aff6_1254x1254.png,1831005,c95fa930a0379a3b8172652d5f4eb9d4b5f6204ee82ba6f98204db5e27c235b4,déjà présent,https://substack-post-media.s3.amazonaws.com/public/images/ce8ced62-7dec-4626-bbbc-d2d345d7aff6_1254x1254.png
adn,adn/e44b1294-39f9-43ad-b41a-d58192f1270f_1983x793.png,2587276,63f25629dcdf2c4fd896b90a8dea8045679a0fbe3ae154452b985168bb815715,lien vers l'original,https://substack-post-media.s3.amazonaws.com/public/images/e44b1294-39f9-43ad-b41a-d58192f1270f_1983x793.png
ambitio,ambitio/007425dc-eafd-4f35-9b88-d551e222869e_1942x809.png,2922164,6e408764bcf453f5574ccdc63c25f0c605dbb4ba5ab9a4420dda435608db5e41,lien vers l'original,https://substack-post-media.s3.amazonaws.com/public/images/007425dc-eafd-4f35-9b88-d551e222869e_1942x809.png
ambitio,ambitio/02989640-7582-42d5-a779-c0612af2450d_1942x809.png,2660503,5e9adb244578eb53a75aeb6a359a54c6327906460d4d42b64671dc8481339b3d,lien vers l'original,https://substack-post-media.s3.amazonaws.com/public/images/02989640-7582-42d5-a779-c0612af2450d_1942x809.png
ambitio,ambitio/14c55ca5-3ae5-40e2-acff-604ea3eeb23a_1024x1536.png,2952004,108e10ce7b38d125c525699d09e1ea5b8ffe272ed45ddce56e1d1858ac1338ac,déjà présent,https://substack-post-media.s3.amazonaws.com/public/images/14c55ca5-3ae5-40e2-acff-604ea3eeb23a_1024x1536.png
ambitio,ambitio/1c0d6522-3462-4d9d-832f-14532f9a4a74_1624x969.png,2672536,fd817a4209d1100050d5eaa22f33aaf23a93417da4f92f5ea348ed209517dc39,lien vers l'original,https://substack-post-media.s3.amazonaws.com/public/images/1c0d6522-3462-4d9d-832f-14532f9a4a74_1624x969.png
ambitio,ambitio/34b4e9c1-e94d-4a4b-aabd-9f8e79806564_1024x1536.png,2959557,7995b81b3ad312d705a92015f16b4e01b50c550402652510d30edb684a48cf3c,déjà présent,https://substack-post-media.s3.amazonaws.com/public/images/34b4e9c1-e94d-4a4b-aabd-9f8e79806564_1024x1536.png
ambitio,ambitio/3db19133-a324-40b4-a0eb-b8f4e8357656_1942x809.png,2776740,dc614ffc5152938fd1d40199de801aeb4952e1c06a15082e16153f6edd7b7fa8,lien vers l'original,https://substack-post-media.s3.amazonaws.com/public/images/3db19133-a324-40b4-a0eb-b8f4e8357656_1942x809.png
ambitio,ambitio/4543fb49-6d35-4155-8486-9bf85760a2d4_1024x1536.png,3045712,2057c3d39a00614530b83aa757f2500ed7b93918a585fa8b2f3dce1b6d665c5e,déjà présent,https://substack-post-media.s3.amazonaws.com/public/images/4543fb49-6d35-4155-8486-9bf85760a2d4_1024x1536.png
ambitio,ambitio/4dcbc81c-1438-4447-af1a-edf33307bcad_2244x1668.png,6933902,09b8e0560406c7cf55ca4b18fb8a6b2621e0bf02f625abea7e8edfb6805e574c,lien vers l'original,https://substack-post-media.s3.amazonaws.com/public/images/4dcbc81c-1438-4447-af1a-edf33307bcad_2244x1668.png
ambitio,ambitio/537a3509-2d50-4baf-a46b-8dbec583a078_1942x809.png,2410731,f153b1baec9a623d5a4c23aa9a111d18c2bede1a74e68ea0f6d5149c95134301,lien vers l'original,https://substack-post-media.s3.amazonaws.com/public/images/537a3509-2d50-4baf-a46b-8dbec583a078_1942x809.png
ambitio,ambitio/5f114c9b-496a-43ed-adfb-74a11c434ffc_1942x809.png,2513817,bd25ad3711d27b7484ef7c1605abd650d93f2b05639327a51da98dcee11c03aa,lien vers l'original,https://substack-post-media.s3.amazonaws.com/public/images/5f114c9b-496a-43ed-adfb-74a11c434ffc_1942x809.png
ambitio,ambitio/612fec88-5573-4927-90f2-81805b5e7a01_1983x793.png,2587276,63f25629dcdf2c4fd896b90a8dea8045679a0fbe3ae154452b985168bb815715,lien vers l'original,https://substack-post-media.s3.amazonaws.com/public/images/612fec88-5573-4927-90f2-81805b5e7a01_1983x793.png
ambitio,ambitio/6fa5ff79-9b2b-40cf-a926-49a9fb243b35_1024x1536.png,2922805,a971d1ec0a7ecc9c911d72c6a62d82e1721ab008326bf61e749dbee047675072,déjà présent,https://substack-post-media.s3.amazonaws.com/public/images/6fa5ff79-9b2b-40cf-a926-49a9fb243b35_1024x1536.png
ambitio,ambitio/ceb8607a-f6f7-46d4-880f-0efdc862110f_1024x1536.png,3107000,e9f738d2f83852cacb39fd35a617bb31a0e972549ad6680be734b2a7f302db46,déjà présent,https://substack-post-media.s3.amazonaws.com/public/images/ceb8607a-f6f7-46d4-880f-0efdc862110f_1024x1536.png
ambitio,ambitio/d909a084-4a77-4c27-a359-2e8f03ee7808_948x1659.png,3051144,8f4c93af06b7450fb06a3fd9d366e4e83ec6f0712a39ed3e87cbc7c815025a8f,déjà présent,https://substack-post-media.s3.amazonaws.com/public/images/d909a084-4a77-4c27-a359-2e8f03ee7808_948x1659.png
ambitio,ambitio/dab4ae41-25cd-4302-9e0a-a70eb9b0a899_2244x1668.png,6933902,09b8e0560406c7cf55ca4b18fb8a6b2621e0bf02f625abea7e8edfb6805e574c,lien vers l'original,https://substack-post-media.s3.amazonaws.com/public/images/dab4ae41-25cd-4302-9e0a-a70eb9b0a899_2244x1668.png
au-dela,au-dela/1c0d6522-3462-4d9d-832f-14532f9a4a74_1624x969.png,2672536,fd817a4209d1100050d5eaa22f33aaf23a93417da4f92f5ea348ed209517dc39,lien vers l'original,https://substack-post-media.s3.amazonaws.com/public/images/1c0d6522-3462-4d9d-832f-14532f9a4a74_1624x969.png
au-dela,au-dela/8fcea4f4-0f5c-4ccf-885c-65ff3b800d23_1024x1536.png,3081039,db380a8407947ff869118024327527c08949875a1b7a22bb3ba783c01885c8c7,déjà présent,https://substack-post-media.s3.amazonaws.com/public/images/8fcea4f4-0f5c-4ccf-885c-65ff3b800d23_1024x1536.png
au-dela,au-dela/af3d31ea-29f4-4bc6-abf3-8b1e2e693670_1983x793.png,2587276,63f25629dcdf2c4fd896b90a8dea8045679a0fbe3ae154452b985168bb815715,lien vers l'original,https://substack-post-media.s3.amazonaws.com/public/images/af3d31ea-29f4-4bc6-abf3-8b1e2e693670_1983x793.png
axiome-la-transfiguration,axiome-la-transfiguration/007425dc-eafd-4f35-9b88-d551e222869e_1942x809.png,2922164,6e408764bcf453f5574ccdc63c25f0c605dbb4ba5ab9a4420dda435608db5e41,déjà présent,https://substack-post-media.s3.amazonaws.com/public/images/007425dc-eafd-4f35-9b88-d551e222869e_1942x809.png
axiome-la-transfiguration,axiome-la-transfiguration/02989640-7582-42d5-a779-c0612af2450d_1942x809.png,2660503,5e9adb244578eb53a75aeb6a359a54c6327906460d4d42b64671dc8481339b3d,déjà présent,https://substack-post-media.s3.amazonaws.com/public/images/02989640-7582-42d5-a779-c0612af2450d_1942x809.png
axiome-la-transfiguration,axiome-la-transfiguration/1c0d6522-3462-4d9d-832f-14532f9a4a74_1624x969.png,2672536,fd817a4209d1100050d5eaa22f33aaf23a93417da4f92f5ea348ed209517dc39,déjà présent,https://substack-post-media.s3.amazonaws.com/public/images/1c0d6522-3462-4d9d-832f-14532f9a4a74_1624x969.png
axiome-la-transfiguration,axiome-la-transfiguration/225a823f-cb5a-4f0a-8c2c-f9f40be8f894_1086x1448.png,2505276,5f75959c2a469c51a67cfa22ceba1a89fe813c321d65234de8323c35cbb58b50,déjà présent,https://substack-post-media.s3.amazonaws.com/public/images/225a823f-cb5a-4f0a-8c2c-f9f40be8f894_1086x1448.png
axiome-la-transfiguration,axiome-la-transfiguration/3db19133-a324-40b4-a0eb-b8f4e8357656_1942x809.png,2776740,dc614ffc5152938fd1d40199de801aeb4952e1c06a15082e16153f6edd7b7fa8,déjà présent,https://substack-post-media.s3.amazonaws.com/public/images/3db19133-a324-40b4-a0eb-b8f4e8357656_1942x809.png
axiome-la-transfiguration,axiome-la-transfiguration/537a3509-2d50-4baf-a46b-8dbec583a078_1942x809.png,2410731,f153b1baec9a623d5a4c23aa9a111d18c2bede1a74e68ea0f6d5149c95134301,déjà présent,https://substack-post-media.s3.amazonaws.com/public/images/537a3509-2d50-4baf-a46b-8dbec583a078_1942x809.png
axiome-la-transfiguration,axiome-la-transfiguration/5f114c9b-496a-43ed-adfb-74a11c434ffc_1942x809.png,2513817,bd25ad3711d27b7484ef7c1605abd650d93f2b05639327a51da98dcee11c03aa,déjà présent,https://substack-post-media.s3.amazonaws.com/public/images/5f114c9b-496a-43ed-adfb-74a11c434ffc_1942x809.png
axiome-la-transfiguration,axiome-la-transfiguration/612fec88-5573-4927-90f2-81805b5e7a01_1983x793.png,2587276,63f25629dcdf2c4fd896b90a8dea8045679a0fbe3ae154452b985168bb815715,déjà présent,https://substack-post-media.s3.amazonaws.com/public/images/612fec88-5573-4927-90f2-81805b5e7a01_1983x793.png
axiome-la-transfiguration,axiome-la-transfiguration/afc7f799-e58b-4c03-8059-817d2a386440_1014x1551.png,2502709,3019fbfba84f4796075941ca0240c83eb6570558a84f8b86987a18a1250bbe40,déjà présent,https://substack-post-media.s3.amazonaws.com/public/images/afc7f799-e58b-4c03-8059-817d2a386440_1014x1551.png
axiome-la-transfiguration,axiome-la-transfiguration/b29dd7e1-7afa-4e85-be6b-a0ed91a24724_1024x1536.png,2729977,35df036fe2fd088bc5f883d3a673134b45349c90ce63ab67597805a9f705fa61,déjà présent,https://substack-post-media.s3.amazonaws.com/public/images/b29dd7e1-7afa-4e85-be6b-a0ed91a24724_1024x1536.png
axiome-la-transfiguration,axiome-la-transfiguration/bd309873-9772-4128-b0a6-4d294a668e83_1024x1535.png,2282196,6785f0ec142abc669cc8ad2e9cb88e53d470221c030f451fdde6b77c9e836b40,déjà présent,https://substack-post-media.s3.amazonaws.com/public/images/bd309873-9772-4128-b0a6-4d294a668e83_1024x1535.png
axiome-la-transfiguration,axiome-la-transfiguration/bfd3a541-1f9f-4e72-81c5-056252b05449_1023x1537.png,2567552,0a4aa6903880551db907967b8b4dc32c92f3f44882bab992e3b8e6edd69f0dc6,déjà présent,https://substack-post-media.s3.amazonaws.com/public/images/bfd3a541-1f9f-4e72-81c5-056252b05449_1023x1537.png
axiome-la-transfiguration,axiome-la-transfiguration/e924d883-ae24-42ec-b56b-14426716753e_1023x1537.png,2730239,ab25951f3130fc3cc2e994106dd5d1766a2bd9063ee0ec188c388800257fa121,déjà présent,https://substack-post-media.s3.amazonaws.com/public/images/e924d883-ae24-42ec-b56b-14426716753e_1023x1537.png
benevolentia,benevolentia/007425dc-eafd-4f35-9b88-d551e222869e_1942x809.png,2922164,6e408764bcf453f5574ccdc63c25f0c605dbb4ba5ab9a4420dda435608db5e41,lien vers l'original,https://substack-post-media.s3.amazonaws.com/public/images/007425dc-eafd-4f35-9b88-d551e222869e_1942x809.png
benevolentia,benevolentia/02989640-7582-42d5-a779-c0612af2450d_1942x809.png,2660503,5e9adb244578eb53a75aeb6a359a54c6327906460d4d42b64671dc8481339b3d,lien vers l'original,https://substack-post-media.s3.amazonaws.com/public/images/02989640-7582-42d5-a779-c0612af2450d_1942x809.png
benevolentia,benevolentia/1c0d6522-3462-4d9d-832f-14532f9a4a74_1624x969.png,2672536,fd817a4209d1100050d5eaa22f33aaf23a93417da4f92f5ea348ed209517dc39,lien vers l'original,https://substack-post-media.s3.amazonaws.com/public/images/1c0d6522-3462-4d9d-832f-14532f9a4a74_1624x969.png
benevolentia,benevolentia/2230e124-d659-43be-b3a2-f4ca0f8c9925_1024x1536.png,3431300,cdf8d47346593084991e77a03dbc478135e13fbfdf61690ae860f58bb70d87a6,déjà présent,https://substack-post-media.s3.amazonaws.com/public/images/2230e124-d659-43be-b3a2-f4ca0f8c9925_1024x1536.png
benevolentia,benevolentia/3db19133-a324-40b4-a0eb-b8f4e8357656_1942x809.png,2776740,dc614ffc5152938fd1d40199de801aeb4952e1c06a15082e16153f6edd7b7fa8,lien vers l'original,https://substack-post-media.s3.amazonaws.com/public/images/3db19133-a324-40b4-a0eb-b8f4e8357656_1942x809.png
benevolentia,benevolentia/4dcbc81c-1438-4447-af1a-edf33307bcad_2244x1668.png,6933902,09b8e0560406c7cf55ca4b18fb8a6b2621e0bf02f625abea7e8edfb6805e574c,lien vers l'original,https://substack-post-media.s3.amazonaws.com/public/images/4dcbc81c-1438-4447-af1a-edf33307bcad_2244x1668.png
benevolentia,benevolentia/537a3509-2d50-4baf-a46b-8dbec583a078_1942x809.png,2410731,f153b1baec9a623d5a4c23aa9a111d18c2bede1a74e68ea0f6d5149c95134301,lien vers l'original,https://substack-post-media.s3.amazonaws.com/public/images/537a3509-2d50-4baf-a46b-8dbec583a078_1942x809.png
benevolentia,benevolentia/5aabae66-c7a2-4578-b605-c7093b13b2e8_1024x1536.png,3070133,dd054ff9a459c9156e0ddc523cc9307a7ef8b34d18f43d97e5ddac3aee146e6f,déjà présent,https://substack-post-media.s3.amazonaws.com/public/images/5aabae66-c7a2-4578-b605-c7093b13b2e8_1024x1536.png
benevolentia,benevolentia/5f114c9b-496a-43ed-adfb-74a11c434ffc_1942x809.png,2513817,bd25ad3711d27b7484ef7c1605abd650d93f2b05639327a51da98dcee11c03aa,lien vers l'original,https://substack-post-media.s3.amazonaws.com/public/images/5f114c9b-496a-43ed-adfb-74a11c434ffc_1942x809.png
benevolentia,benevolentia/612fec88-5573-4927-90f2-81805b5e7a01_1983x793.png,2587276,63f25629dcdf2c4fd896b90a8dea8045679a0fbe3ae154452b985168bb815715,lien vers l'original,https://substack-post-media.s3.amazonaws.com/public/images/612fec88-5573-4927-90f2-81805b5e7a01_1983x793.png
benevolentia,benevolentia/7e2901d3-2c16-4897-b6f5-f9fc0a86d7f1_1122x1402.png,3201768,be1fb5803f8d52bffccb235e88f89b2f94b2f2272ee55597965b2a9c23374c2d,déjà présent,https://substack-post-media.s3.amazonaws.com/public/images/7e2901d3-2c16-4897-b6f5-f9fc0a86d7f1_1122x1402.png
benevolentia,benevolentia/a59cf3fc-12fc-4857-ae76-15f5fdda8dd4_1055x1491.png,3086044,2ecd528f5c702bd72a69f55a3663da9ce855f534323726d0d01a8737ea5c4c68,déjà présent,https://substack-post-media.s3.amazonaws.com/public/images/a59cf3fc-12fc-4857-ae76-15f5fdda8dd4_1055x1491.png
benevolentia,benevolentia/ba1d17d0-0a71-41c3-97e3-33ffb78461b4_1024x1536.png,3132676,1b93f448352b7cc2455036926e1be6c754bf0ffcae9706923bebae9ba3f7a33b,déjà présent,https://substack-post-media.s3.amazonaws.com/public/images/ba1d17d0-0a71-41c3-97e3-33ffb78461b4_1024x1536.png
benevolentia,benevolentia/dab4ae41-25cd-4302-9e0a-a70eb9b0a899_2244x1668.png,6933902,09b8e0560406c7cf55ca4b18fb8a6b2621e0bf02f625abea7e8edfb6805e574c,lien vers l'original,https://substack-post-media.s3.amazonaws.com/public/images/dab4ae41-25cd-4302-9e0a-a70eb9b0a899_2244x1668.png
benevolentia,benevolentia/e34e7bc1-8ddb-4a7c-abd6-d04e19b4f525_1024x1536.png,3674161,242c8e2d386e9ee79748ccca9bc7366c18ec3a959a83688ee22e93b6cb321a38,déjà présent,https://substack-post-media.s3.amazonaws.com/public/images/e34e7bc1-8ddb-4a7c-abd6-d04e19b4f525_1024x1536.png
bestiaire-conceptuel,bestiaire-conceptuel/1c0d6522-3462-4d9d-832f-14532f9a4a74_1624x969.png,2672536,fd817a4209d1100050d5eaa22f33aaf23a93417da4f92f5ea348ed209517dc39,lien vers l'original,https://substack-post-media.s3.amazonaws.com/public/images/1c0d6522-3462-4d9d-832f-14532f9a4a74_1624x969.png
bestiaire-conceptuel,bestiaire-conceptuel/5c5d863e-a1d4-4b23-aee0-afa9d11b9e6e_1086x1448.png,416796,3df8ba4505bba7881a52a89a53ad043a927e281fbd7220f1a56577d6b8e5a8dc,déjà présent,https://substack-post-media.s3.amazonaws.com/public/images/5c5d863e-a1d4-4b23-aee0-afa9d11b9e6e_1086x1448.png
bestiaire-conceptuel,bestiaire-conceptuel/5d4cf921-497c-41a3-a050-460b4d23cee0_1024x1536.png,2564925,2263765ac1d2e941f5d8bc55c987686e17e7ca84080136e9cf290b375a5f12c8,déjà présent,https://substack-post-media.s3.amazonaws.com/public/images/5d4cf921-497c-41a3-a050-460b4d23cee0_1024x1536.png
bestiaire-conceptuel,bestiaire-conceptuel/81abe24e-9070-4c7f-8019-1c0b74957f89_1086x1448.png,2570189,ec622ac4725ba9ba95e18cae79190b8598ec506d1e7d8c9828708ea35e2567d2,déjà présent,https://substack-post-media.s3.amazonaws.com/public/images/81abe24e-9070-4c7f-8019-1c0b74957f89_1086x1448.png
bestiaire-conceptuel,bestiaire-conceptuel/97ef2d06-c982-444d-b1ff-079b856d1220_1024x1536.png,2721343,8d5e4ef7790bbc4270ded74109ec85174ec94e26f96ec18be4e32db3731d5669,déjà présent,https://substack-post-media.s3.amazonaws.com/public/images/97ef2d06-c982-444d-b1ff-079b856d1220_1024x1536.png
bestiaire-conceptuel,bestiaire-conceptuel/a903c705-799f-44ab-bbf2-0df30983c31a_1086x1448.png,362417,1c67f0a1fd0a9512bfde763bafe712ed455f69aac9e67b394884fc96add9a87c,déjà présent,https://substack-post-media.s3.amazonaws.com/public/images/a903c705-799f-44ab-bbf2-0df30983c31a_1086x1448.png
bestiaire-conceptuel,bestiaire-conceptuel/b75a8536-7905-4390-bde3-8dbb68797b84_1086x1448.png,2370716,a694bfa395e9fdc0602247d575dc5318cf7d222b137c50cfa1cfc62089d9ce40,déjà présent,https://substack-post-media.s3.amazonaws.com/public/images/b75a8536-7905-4390-bde3-8dbb68797b84_1086x1448.png
bestiaire-conceptuel,bestiaire-conceptuel/e44b1294-39f9-43ad-b41a-d58192f1270f_1983x793.png,2587276,63f25629dcdf2c4fd896b90a8dea8045679a0fbe3ae154452b985168bb815715,lien vers l'original,https://substack-post-media.s3.amazonaws.com/public/images/e44b1294-39f9-43ad-b41a-d58192f1270f_1983x793.png
code-qtlx-vers-la-technologie-du,code-qtlx-vers-la-technologie-du/11eb60bf-061b-4c81-b828-8c87639f6aa9_983x1231.jpeg,1120560,358ebbbc5787be0583512b87472fbb5abfb65e043d5136f888795c543982c2ef,déjà présent,https://substack-post-media.s3.amazonaws.com/public/images/11eb60bf-061b-4c81-b828-8c87639f6aa9_983x1231.jpeg
code-qtlx-vers-la-technologie-du,code-qtlx-vers-la-technologie-du/19c371cc-37e2-487d-a7ae-e6ee4b4138c1_991x1232.jpeg,1084876,5f939535ab4215f71017832141a61fd7fd2742089c98996a9aced76c1774f917,déjà présent,https://substack-post-media.s3.amazonaws.com/public/images/19c371cc-37e2-487d-a7ae-e6ee4b4138c1_991x1232.jpeg
code-qtlx-vers-la-technologie-du,code-qtlx-vers-la-technologie-du/3f68da21-8d84-48e9-b369-e10207d71c61_1080x705.jpeg,112042,a9751ec06626d14b6b3c46562025aac3bde9aebeef1c8008edd910ec21caa7ed,lien vers l'original,https://substack-post-media.s3.amazonaws.com/public/images/3f68da21-8d84-48e9-b369-e10207d71c61_1080x705.jpeg
code-qtlx-vers-la-technologie-du,code-qtlx-vers-la-technologie-du/52625758-703e-4231-abcb-283a89d015fc_991x1234.jpeg,762097,4df47a3c2fff4515ee7f69cf7c9c637c84d611be06ee5dbb2f646fca610983a4,déjà présent,https://substack-post-media.s3.amazonaws.com/public/images/52625758-703e-4231-abcb-283a89d015fc_991x1234.jpeg
code-qtlx-vers-la-technologie-du,code-qtlx-vers-la-technologie-du/55ebf29f-9e2b-409a-9048-c55d96674897_975x1235.jpeg,775512,78051d6b7bddead139f945855196378aa7ab6dd488eb3bdb04ea88ee7a8c5d65,déjà présent,https://substack-post-media.s3.amazonaws.com/public/images/55ebf29f-9e2b-409a-9048-c55d96674897_975x1235.jpeg
code-qtlx-vers-la-technologie-du,code-qtlx-vers-la-technologie-du/694789ab-6cfe-4021-abfb-b900df57589d_988x1225.jpeg,791060,48b9d00d0afa69d38ecec40fb94a8602f95f9d4263c905661e3b671712f4c0fb,déjà présent,https://substack-post-media.s3.amazonaws.com/public/images/694789ab-6cfe-4021-abfb-b900df57589d_988x1225.jpeg
code-qtlx-vers-la-technologie-du,code-qtlx-vers-la-technologie-du/6a8f7099-ddcf-4224-9217-f6152f27e183_986x1232.jpeg,769204,8eaf42f89b9719e4e3357ca6665dcb8bcfa89dad57376e0171a7f5197619f038,déjà présent,https://substack-post-media.s3.amazonaws.com/public/images/6a8f7099-ddcf-4224-9217-f6152f27e183_986x1232.jpeg
code-qtlx-vers-la-technologie-du,code-qtlx-vers-la-technologie-du/74f8d605-6894-4fc4-95ef-51c9fe3213d3_989x1229.jpeg,774405,20163f440b724a159ee529b017af51faee181b97a7eed5f38867b7545ac9427b,déjà présent,https://substack-post-media.s3.amazonaws.com/public/images/74f8d605-6894-4fc4-95ef-51c9fe3213d3_989x1229.jpeg
code-qtlx-vers-la-technologie-du,code-qtlx-vers-la-technologie-du/79859f3c-c088-44c1-b21e-40fe14accddc_980x1221.jpeg,409858,de8e913c4005f14e4303662d2255662453339a51d43c753cf17b47a000ff9773,déjà présent,https://substack-post-media.s3.amazonaws.com/public/images/79859f3c-c088-44c1-b21e-40fe14accddc_980x1221.jpeg
code-qtlx-vers-la-technologie-du,code-qtlx-vers-la-technologie-du/b5f2c035-741b-42b3-aca5-8f230ecbffab_985x1229.jpeg,793828,94a01908fcf06706d860b85add6cb930c6cf94312314e2c098b8316055e01a2e,déjà présent,https://substack-post-media.s3.amazonaws.com/public/images/b5f2c035-741b-42b3-aca5-8f230ecbffab_985x1229.jpeg
code-qtlx-vers-la-technologie-du,code-qtlx-vers-la-technologie-du/c1e8f806-3987-4721-892b-4d37ea54c353_986x1230.jpeg,754191,221e7dbdf534be0338305d097fb3e13e8bcf59ed6425b1742ea81e46f31b3eb0,déjà présent,https://substack-post-media.s3.amazonaws.com/public/images/c1e8f806-3987-4721-892b-4d37ea54c353_986x1230.jpeg
code-qtlx-vers-la-technologie-du,code-qtlx-vers-la-technologie-du/c678281e-643d-435a-861f-952ac8e78757_986x1239.jpeg,732855,c38ac1d83e780a51935cf21812d31465aa728055f10804083d46d9f677a886f7,déjà présent,https://substack-post-media.s3.amazonaws.com/public/images/c678281e-643d-435a-861f-952ac8e78757_986x1239.jpeg
code-qtlx-vers-la-technologie-du,code-qtlx-vers-la-technologie-du/ca57aee1-09f1-43c9-ba94-c74cf0a653a9_978x1229.jpeg,948457,7888090c739cfda2152ba4d359ff635cdc468b5592ec22bf1c85cd80776b8539,déjà présent,https://substack-post-media.s3.amazonaws.com/public/images/ca57aee1-09f1-43c9-ba94-c74cf0a653a9_978x1229.jpeg
code-qtlx-vers-la-technologie-du,code-qtlx-vers-la-technologie-du/d85dddf0-99f5-4ac4-83d2-5985ec8eb31f_992x1231.jpeg,770897,e1345a668c00930e312873fb6231bc0e1b5be9dba73bca28c5e9d3364abe9f3a,déjà présent,https://substack-post-media.s3.amazonaws.com/public/images/d85dddf0-99f5-4ac4-83d2-5985ec8eb31f_992x1231.jpeg
code-qtlx-vers-la-technologie-du,code-qtlx-vers-la-technologie-du/f6ba2253-60f6-43ac-9311-a1b0d36ab7d2_993x1238.jpeg,1047376,13d208aa10260742d4c20612ef868780e92bba42c1c69193ff9fae8722470c15,déjà présent,https://substack-post-media.s3.amazonaws.com/public/images/f6ba2253-60f6-43ac-9311-a1b0d36ab7d2_993x1238.jpeg
constante-narrative,constante-narrative/1c0d6522-3462-4d9d-832f-14532f9a4a74_1624x969.png,2672536,fd817a4209d1100050d5eaa22f33aaf23a93417da4f92f5ea348ed209517dc39,lien vers l'original,https://substack-post-media.s3.amazonaws.com/public/images/1c0d6522-3462-4d9d-832f-14532f9a4a74_1624x969.png
constante-narrative,constante-narrative/4aab3e0e-72f2-4913-9db5-67b65e62cc41_1536x1024.png,2105562,7de8436b4dc45eed8ce2d8cfa09baf14d57f96e0daad54155bdbf99f1f556a9a,déjà présent,https://substack-post-media.s3.amazonaws.com/public/images/4aab3e0e-72f2-4913-9db5-67b65e62cc41_1536x1024.png
constante-narrative,constante-narrative/5f9163e4-3f1c-46aa-b0c1-17b131d5909f_1085x1450.png,2655514,4828946c19087479982a5287343c87f2c1fb24067088049ae97fb1340661a7f8,déjà présent,https://substack-post-media.s3.amazonaws.com/public/images/5f9163e4-3f1c-46aa-b0c1-17b131d5909f_1085x1450.png
constante-narrative,constante-narrative/615d35a3-1055-48b2-a44f-37daac3f4712_1086x1448.png,2722190,47d56cedee8d545a696c3337c3fd381b654a845a136c790aa63a0949060820da,déjà présent,https://substack-post-media.s3.amazonaws.com/public/images/615d35a3-1055-48b2-a44f-37daac3f4712_1086x1448.png
constante-narrative,constante-narrative/67f270f7-e9f9-40b5-918b-4eee526c5e9e_1086x1448.png,2464578,6989afd47fdf524ad8c122c0b2a18a8244f83b607b4d2e9f76fa41fb0bab9aaf,déjà présent,https://substack-post-media.s3.amazonaws.com/public/images/67f270f7-e9f9-40b5-918b-4eee526c5e9e_1086x1448.png
constante-narrative,constante-narrative/7f549de5-092f-44aa-bcc6-95c2bb89a43b_1086x1448.png,2718911,e41201b81a7ce84b19c1ae410bb84daee35c705b27a342dde3bfa5b64fe20a58,déjà présent,https://substack-post-media.s3.amazonaws.com/public/images/7f549de5-092f-44aa-bcc6-95c2bb89a43b_1086x1448.png
constante-narrative,constante-narrative/ae0dfa6c-9070-4a23-8ff4-8a59e51d0d58_1023x1537.png,2744007,2b2969bf225ad7c9340fbd012d4a391867bb8d5ee930469591f2665a50da724e,déjà présent,https://substack-post-media.s3.amazonaws.com/public/images/ae0dfa6c-9070-4a23-8ff4-8a59e51d0d58_1023x1537.png
constante-narrative,constante-narrative/e44b1294-39f9-43ad-b41a-d58192f1270f_1983x793.png,2587276,63f25629dcdf2c4fd896b90a8dea8045679a0fbe3ae154452b985168bb815715,lien vers l'original,https://substack-post-media.s3.amazonaws.com/public/images/e44b1294-39f9-43ad-b41a-d58192f1270f_1983x793.png
copy-jecris-pour-survivre,copy-jecris-pour-survivre/01a3c389-8051-4a3b-848b-de00f5db3f7d_859x561.jpeg,148231,74cfeacaac55f2249a318cd4e92259864ef49eb59502f4002c77729959743495,lien vers l'original,https://substack-post-media.s3.amazonaws.com/public/images/01a3c389-8051-4a3b-848b-de00f5db3f7d_859x561.jpeg
copy-jecris-pour-survivre,copy-jecris-pour-survivre/0bf13317-1c60-43dd-8d5d-de7c9571bbea_1010x1264.jpeg,969817,e7fc08cec4db146dc0e4219707080265917bba35695c524a00209150a1b10af4,lien vers l'original,https://substack-post-media.s3.amazonaws.com/public/images/0bf13317-1c60-43dd-8d5d-de7c9571bbea_1010x1264.jpeg
copy-jecris-pour-survivre,copy-jecris-pour-survivre/1425e87d-f3c6-4bb1-8e75-5f48e0a8abbe_993x1233.jpeg,827765,de0994ffb40bddb3d761f4bc7d453e8e6f9d3ac7ccabf26129217278df40d843,lien vers l'original,https://substack-post-media.s3.amazonaws.com/public/images/1425e87d-f3c6-4bb1-8e75-5f48e0a8abbe_993x1233.jpeg
copy-jecris-pour-survivre,copy-jecris-pour-survivre/25825494-b2ec-4593-8348-09fdc9fae297_1080x1016.jpeg,571456,f8a1fab001399cc8a661bd7f0da2a94c8c086682fbce8e3a0a2d5b6d2e4a1793,lien vers l'original,https://substack-post-media.s3.amazonaws.com/public/images/25825494-b2ec-4593-8348-09fdc9fae297_1080x1016.jpeg
copy-jecris-pour-survivre,copy-jecris-pour-survivre/2c7b4dff-8e19-489c-aea7-5aed995c775d_1080x351.jpeg,310916,f55c460d5b1bac4e2d28a1b648a3252b2bb3f82caa0b19beb520dc931e18fc69,lien vers l'original,https://substack-post-media.s3.amazonaws.com/public/images/2c7b4dff-8e19-489c-aea7-5aed995c775d_1080x351.jpeg
copy-jecris-pour-survivre,copy-jecris-pour-survivre/350768ea-bce8-4ef2-aad6-69f1baf8b528_996x1240.jpeg,1016925,182bb08a78d24f1a334762777cbcc27fe1cc78563f16f43ada0603a1bf74b331,lien vers l'original,https://substack-post-media.s3.amazonaws.com/public/images/350768ea-bce8-4ef2-aad6-69f1baf8b528_996x1240.jpeg
copy-jecris-pour-survivre,copy-jecris-pour-survivre/36c09c2c-bd5f-4fa3-8a6d-7cab32c361e4_993x1237.jpeg,635361,3cb8be6be14fa87bccc8318534ec3ca2adc6e2d59a40d59ac5178af80a341b76,lien vers l'original,https://substack-post-media.s3.amazonaws.com/public/images/36c09c2c-bd5f-4fa3-8a6d-7cab32c361e4_993x1237.jpeg
copy-jecris-pour-survivre,copy-jecris-pour-survivre/3f68da21-8d84-48e9-b369-e10207d71c61_1080x705.jpeg,112042,a9751ec06626d14b6b3c46562025aac3bde9aebeef1c8008edd910ec21caa7ed,lien vers l'original,https://substack-post-media.s3.amazonaws.com/public/images/3f68da21-8d84-48e9-b369-e10207d71c61_1080x705.jpeg
copy-jecris-pour-survivre,copy-jecris-pour-survivre/4206f33e-a7f0-43b0-bd90-06384fb4b2fd_1024x1536.jpeg,3029473,d7e00869ab53fcfd6dd17cbdaa16c0ac58d661f4459124dfc219d2f8a663faf4,lien vers l'original,https://substack-post-media.s3.amazonaws.com/public/images/4206f33e-a7f0-43b0-bd90-06384fb4b2fd_1024x1536.jpeg
copy-jecris-pour-survivre,copy-jecris-pour-survivre/6a92c9d4-2459-4173-b9cc-8bea6760408f_994x1232.jpeg,741302,95a94f0063a66f5ddc2fbb980955392f969920eb3ff073c96c8648aa738fa830,lien vers l'original,https://substack-post-media.s3.amazonaws.com/public/images/6a92c9d4-2459-4173-b9cc-8bea6760408f_994x1232.jpeg
copy-jecris-pour-survivre,copy-jecris-pour-survivre/7f88554c-d38b-41c1-a217-ad1784617ec2_1080x815.jpeg,491342,005135538b1ccbacfd79ad7cd464b273496d8c50b2425d8cb9119ab21bf92096,lien vers l'original,https://substack-post-media.s3.amazonaws.com/public/images/7f88554c-d38b-41c1-a217-ad1784617ec2_1080x815.jpeg
copy-jecris-pour-survivre,copy-jecris-pour-survivre/9128655b-b6df-49a6-b078-f3283e244ea2_1080x639.jpeg,542553,25133e5dfd1f82630adbc476fe5209e185f1273a8db3936f2c79f1969eaeeb00,lien vers l'original,https://substack-post-media.s3.amazonaws.com/public/images/9128655b-b6df-49a6-b078-f3283e244ea2_1080x639.jpeg
copy-jecris-pour-survivre,copy-jecris-pour-survivre/95a1e694-3ab8-45a2-9481-f2335050ae99_987x1240.jpeg,811077,0df97bb4af2fdaec5e2ca36c1cefa6655c5bbed6aba9a8dac83bf1e17cd13fd5,lien vers l'original,https://substack-post-media.s3.amazonaws.com/public/images/95a1e694-3ab8-45a2-9481-f2335050ae99_987x1240.jpeg
copy-jecris-pour-survivre,copy-jecris-pour-survivre/9fff30e4-8871-45cf-9d5b-45e5b3549526_1005x1247.jpeg,977660,a81fb5efe520a0e91a122a791ffa59ef77824f69fe251fcf0823bfe09253325e,lien vers l'original,https://substack-post-media.s3.amazonaws.com/public/images/9fff30e4-8871-45cf-9d5b-45e5b3549526_1005x1247.jpeg
copy-jecris-pour-survivre,copy-jecris-pour-survivre/af7cb101-c2a3-4d0e-9749-9807624ad41a_1080x876.jpeg,561694,80694ec5a10dab5189352d6f2a727dfdf6907f5f861140a067d928e5f29f2589,lien vers l'original,https://substack-post-media.s3.amazonaws.com/public/images/af7cb101-c2a3-4d0e-9749-9807624ad41a_1080x876.jpeg
copy-jecris-pour-survivre,copy-jecris-pour-survivre/b7d999ba-02fc-4b34-8d68-caf00d8770d7_1080x701.jpeg,501069,54b803916fffef7db6d16c53644bea554c542b4a00469edac3bd91109dc014b2,lien vers l'original,https://substack-post-media.s3.amazonaws.com/public/images/b7d999ba-02fc-4b34-8d68-caf00d8770d7_1080x701.jpeg
copy-jecris-pour-survivre,copy-jecris-pour-survivre/ba053a91-2559-4d33-8876-586f2e6dc7f1_981x1222.jpeg,570669,540efc78920be25a4eeb968318b3c9fc6bf55887bdb36ce5ee90fd6f119d3475,lien vers l'original,https://substack-post-media.s3.amazonaws.com/public/images/ba053a91-2559-4d33-8876-586f2e6dc7f1_981x1222.jpeg
copy-jecris-pour-survivre,copy-jecris-pour-survivre/c4ffb2cf-88b1-4c7c-830a-d931965bd1dd_984x1233.jpeg,1019036,24c0309ebc8cfea1398be2b94c2716300e9d4491f6c062e7b282680032ba76c0,lien vers l'original,https://substack-post-media.s3.amazonaws.com/public/images/c4ffb2cf-88b1-4c7c-830a-d931965bd1dd_984x1233.jpeg
copy-jecris-pour-survivre,copy-jecris-pour-survivre/ce474b71-5033-4df9-85ca-f97f6ad5409e_1080x1073.jpeg,337824,9f240a905d76224094ae0fa72792ca52ddb3b25867c444f21e7af843b4470918,lien vers l'original,https://substack-post-media.s3.amazonaws.com/public/images/ce474b71-5033-4df9-85ca-f97f6ad5409e_1080x1073.jpeg
copy-jecris-pour-survivre,copy-jecris-pour-survivre/d23e4349-880e-4af0-99de-1af3f7ea699e_988x1233.jpeg,630744,f5d96161246644d71bedef3ec24975a0a74758df72f11a948fc30eb630c39fa1,lien vers l'original,https://substack-post-media.s3.amazonaws.com/public/images/d23e4349-880e-4af0-99de-1af3f7ea699e_988x1233.jpeg
copy-jecris-pour-survivre,copy-jecris-pour-survivre/d3357d7b-ae43-4c61-9ade-07ae775bf2c6_1080x877.jpeg,506952,7816f305f80ca4868d201e08a42fb363cb9c953617693f0b4614e752b5092d4e,lien vers l'original,https://substack-post-media.s3.amazonaws.com/public/images/d3357d7b-ae43-4c61-9ade-07ae775bf2c6_1080x877.jpeg
copy-jecris-pour-survivre,copy-jecris-pour-survivre/f0149548-4e0c-4cc3-a88e-a3152121d598_989x1244.jpeg,745571,8a341f27d1188a4c50edc7d4a69087fcd9ac7faff844bb0dc07ac59b35bf17ee,lien vers l'original,https://substack-post-media.s3.amazonaws.com/public/images/f0149548-4e0c-4cc3-a88e-a3152121d598_989x1244.jpeg
copy-jecris-pour-survivre,copy-jecris-pour-survivre/f1dfd913-4a70-43e7-862a-0b1bbdc7b8b6_985x1227.jpeg,1048298,8754cbfd47088d8fbec4fd40bf21967d809f7cc338d2e796e8511db164230194,lien vers l'original,https://substack-post-media.s3.amazonaws.com/public/images/f1dfd913-4a70-43e7-862a-0b1bbdc7b8b6_985x1227.jpeg
copy-jecris-pour-survivre,copy-jecris-pour-survivre/f7005b9b-999f-472e-b41a-4f26cbf6af1d_470x531.png,195129,989f3ca9d666811500dbb0bee395579f4fba7e37f37f8c6e8e04dc293dd8f88f,lien vers l'original,https://substack-post-media.s3.amazonaws.com/public/images/f7005b9b-999f-472e-b41a-4f26cbf6af1d_470x531.png
copy-jecris-pour-survivre,copy-jecris-pour-survivre/fa637d5c-faab-4e9d-904f-03b3430981a6_1080x848.jpeg,486819,e0b55f82ba82aafbfa947c0abf4097c21796ea559aff45b29efa725612b14ead,lien vers l'original,https://substack-post-media.s3.amazonaws.com/public/images/fa637d5c-faab-4e9d-904f-03b3430981a6_1080x848.jpeg
copy-jecris-pour-survivre,copy-jecris-pour-survivre/fc8c8dfc-2ca9-4e7f-b956-9ad3b792a126_1080x866.jpeg,551101,fb51635413c4422958a3e69932e2dede2bb42878e12b5a6aec68d4b1ad80bef0,lien vers l'original,https://substack-post-media.s3.amazonaws.com/public/images/fc8c8dfc-2ca9-4e7f-b956-9ad3b792a126_1080x866.jpeg
copy-jecris-pour-survivre,copy-jecris-pour-survivre/fd3d73a6-e1ed-42fd-b237-ff249f9183e1_985x1233.jpeg,1164414,5ea922312540cafc92c2406f3d9383b0f2aef78ffe38152f86820b1adb3cfd3b,lien vers l'original,https://substack-post-media.s3.amazonaws.com/public/images/fd3d73a6-e1ed-42fd-b237-ff249f9183e1_985x1233.jpeg
copy-le-feminin-matriciel,copy-le-feminin-matriciel/5b2e27c1-34c5-467a-9a27-3f857195ec8e_1122x1402.png,2824528,952907014cd7b30434a342395ea79244827309f3cb9d979a994cbd0fb6e75eaf,lien vers l'original,https://substack-post-media.s3.amazonaws.com/public/images/5b2e27c1-34c5-467a-9a27-3f857195ec8e_1122x1402.png
copy-le-feminin-matriciel,copy-le-feminin-matriciel/6e062323-5872-48be-84d0-600d18d32715_1047x1501.png,2968621,7a4b1286f5f572d3da5dcaf0d82d0e3d4e6672298508e68be73b316fae6e08dc,lien vers l'original,https://substack-post-media.s3.amazonaws.com/public/images/6e062323-5872-48be-84d0-600d18d32715_1047x1501.png
copy-le-feminin-matriciel,copy-le-feminin-matriciel/874be269-ea15-4eec-b90a-665f331bf2e5_1024x1536.png,762909,6df2350089263026fe5713be2b7c2572fe4286fb31cf1ab46ddab63d4c82d804,lien vers l'original,https://substack-post-media.s3.amazonaws.com/public/images/874be269-ea15-4eec-b90a-665f331bf2e5_1024x1536.png
copy-le-feminin-matriciel,copy-le-feminin-matriciel/9f64990e-f637-4072-a967-567ae1ba1748_1448x1086.webp,259408,e5d4d22b1df6b5a6fd13f8e74b19c185aa77bd073318e1180ed8851b2ee3172b,lien vers l'original,https://substack-post-media.s3.amazonaws.com/public/images/9f64990e-f637-4072-a967-567ae1ba1748_1448x1086.webp
copy-le-feminin-matriciel,copy-le-feminin-matriciel/a8e3bcf7-6ee8-450e-8329-d3715e9fd394_1055x1491.png,3066248,1e9cf8cdeb2d4303e365526e67e5a8ead1cfb6f17074554f8043ad1b0fb30fb8,lien vers l'original,https://substack-post-media.s3.amazonaws.com/public/images/a8e3bcf7-6ee8-450e-8329-d3715e9fd394_1055x1491.png
copy-le-feminin-matriciel,copy-le-feminin-matriciel/bd090f50-b50d-4844-a63b-26f047da73d3_1122x1402.png,2830652,d70c077537dd15bbe0e302e09c604086d74f415e3ba5be4f87c15d53b8f766bb,lien vers l'original,https://substack-post-media.s3.amazonaws.com/public/images/bd090f50-b50d-4844-a63b-26f047da73d3_1122x1402.png
copy-le-feminin-matriciel,copy-le-feminin-matriciel/c7165632-0f14-489a-8cda-7ea5bdb473cd_1123x1401.png,3002106,9e067b579d914dede60d557481cef6f6845558f26ef1353619c9b8e66f693fda,lien vers l'original,https://substack-post-media.s3.amazonaws.com/public/images/c7165632-0f14-489a-8cda-7ea5bdb473cd_1123x1401.png
copy-le-feminin-matriciel,copy-le-feminin-matriciel/cd361a96-4c29-46c3-a1b4-33c592b6169d_1122x1402.png,2650925,f945768f4cd0f43069f05abf9172a5783573052d9dc33b12654d385cbf3cd6ad,lien vers l'original,https://substack-post-media.s3.amazonaws.com/public/images/cd361a96-4c29-46c3-a1b4-33c592b6169d_1122x1402.png
copy-lhymne-du-verbe-vertical,copy-lhymne-du-verbe-vertical/1c0d6522-3462-4d9d-832f-14532f9a4a74_1624x969.png,2672536,fd817a4209d1100050d5eaa22f33aaf23a93417da4f92f5ea348ed209517dc39,lien vers l'original,https://substack-post-media.s3.amazonaws.com/public/images/1c0d6522-3462-4d9d-832f-14532f9a4a74_1624x969.png
copy-lhymne-du-verbe-vertical,copy-lhymne-du-verbe-vertical/300911d4-dbb2-4efb-ad70-f801b9d0add4_1448x1086.png,2633608,96151f2ac4db8d32e268c7adbb07a8d366e9bcdb5b83eee81a8b0ec754111759,lien vers l'original,https://substack-post-media.s3.amazonaws.com/public/images/300911d4-dbb2-4efb-ad70-f801b9d0add4_1448x1086.png
copy-lhymne-du-verbe-vertical,copy-lhymne-du-verbe-vertical/3e1ae840-2836-4961-a600-7ad816415674_1055x1491.png,2585992,316a61431ddd985024b759359bf924d1a8074968dfd00f8b34631952d00b0aeb,lien vers l'original,https://substack-post-media.s3.amazonaws.com/public/images/3e1ae840-2836-4961-a600-7ad816415674_1055x1491.png
copy-lhymne-du-verbe-vertical,copy-lhymne-du-verbe-vertical/73954193-5531-4c1b-ace2-f15dfe4deb1a_1024x1536.png,2946494,3077bc6deb9fd4df6eba526e9bdf043f9c9b9c28d426b3f8e1481f7358430c95,lien vers l'original,https://substack-post-media.s3.amazonaws.com/public/images/73954193-5531-4c1b-ace2-f15dfe4deb1a_1024x1536.png
copy-lhymne-du-verbe-vertical,copy-lhymne-du-verbe-vertical/9dfd4b23-256f-4bb0-8ea2-1f7097709315_1024x1536.png,2597009,b02248a0ecd7b1bc6f33970183d7eb8f7fe1544e8c839f16e400fa96f5869d81,lien vers l'original,https://substack-post-media.s3.amazonaws.com/public/images/9dfd4b23-256f-4bb0-8ea2-1f7097709315_1024x1536.png
copy-lhymne-du-verbe-vertical,copy-lhymne-du-verbe-vertical/af3d31ea-29f4-4bc6-abf3-8b1e2e693670_1983x793.png,2587276,63f25629dcdf2c4fd896b90a8dea8045679a0fbe3ae154452b985168bb815715,lien vers l'original,https://substack-post-media.s3.amazonaws.com/public/images/af3d31ea-29f4-4bc6-abf3-8b1e2e693670_1983x793.png
copy-lhymne-du-verbe-vertical,copy-lhymne-du-verbe-vertical/b97645f7-2cc4-4917-96cc-baa851af0789_1024x1536.png,3045733,1fdbcd67db8e0a7a24057aeb7510c45132acfca0ac9dfbfaa269d6bcd2c97718,lien vers l'original,https://substack-post-media.s3.amazonaws.com/public/images/b97645f7-2cc4-4917-96cc-baa851af0789_1024x1536.png
copy-techno-sapiens-iii,copy-techno-sapiens-iii/5b2e27c1-34c5-467a-9a27-3f857195ec8e_1122x1402.png,2824528,952907014cd7b30434a342395ea79244827309f3cb9d979a994cbd0fb6e75eaf,lien vers l'original,https://substack-post-media.s3.amazonaws.com/public/images/5b2e27c1-34c5-467a-9a27-3f857195ec8e_1122x1402.png
copy-techno-sapiens-iii,copy-techno-sapiens-iii/6e062323-5872-48be-84d0-600d18d32715_1047x1501.png,2968621,7a4b1286f5f572d3da5dcaf0d82d0e3d4e6672298508e68be73b316fae6e08dc,lien vers l'original,https://substack-post-media.s3.amazonaws.com/public/images/6e062323-5872-48be-84d0-600d18d32715_1047x1501.png
copy-techno-sapiens-iii,copy-techno-sapiens-iii/9f64990e-f637-4072-a967-567ae1ba1748_1448x1086.webp,259408,e5d4d22b1df6b5a6fd13f8e74b19c185aa77bd073318e1180ed8851b2ee3172b,lien vers l'original,https://substack-post-media.s3.amazonaws.com/public/images/9f64990e-f637-4072-a967-567ae1ba1748_1448x1086.webp
copy-techno-sapiens-iii,copy-techno-sapiens-iii/a8e3bcf7-6ee8-450e-8329-d3715e9fd394_1055x1491.png,3066248,1e9cf8cdeb2d4303e365526e67e5a8ead1cfb6f17074554f8043ad1b0fb30fb8,lien vers l'original,https://substack-post-media.s3.amazonaws.com/public/images/a8e3bcf7-6ee8-450e-8329-d3715e9fd394_1055x1491.png
copy-techno-sapiens-iii,copy-techno-sapiens-iii/bd090f50-b50d-4844-a63b-26f047da73d3_1122x1402.png,2830652,d70c077537dd15bbe0e302e09c604086d74f415e3ba5be4f87c15d53b8f766bb,lien vers l'original,https://substack-post-media.s3.amazonaws.com/public/images/bd090f50-b50d-4844-a63b-26f047da73d3_1122x1402.png
copy-techno-sapiens-iii,copy-techno-sapiens-iii/c7165632-0f14-489a-8cda-7ea5bdb473cd_1123x1401.png,3002106,9e067b579d914dede60d557481cef6f6845558f26ef1353619c9b8e66f693fda,lien vers l'original,https://substack-post-media.s3.amazonaws.com/public/images/c7165632-0f14-489a-8cda-7ea5bdb473cd_1123x1401.png
copy-techno-sapiens-iii,copy-techno-sapiens-iii/cd361a96-4c29-46c3-a1b4-33c592b6169d_1122x1402.png,2650925,f945768f4cd0f43069f05abf9172a5783573052d9dc33b12654d385cbf3cd6ad,lien vers l'original,https://substack-post-media.s3.amazonaws.com/public/images/cd361a96-4c29-46c3-a1b4-33c592b6169d_1122x1402.png
copy-techno-sapiens-iii,copy-techno-sapiens-iii/d76d0010-5634-4567-bd8d-48e9c80ce2ad_1086x1448.png,2670491,ff6293ff09b4a56a2a08267c6ff81ba19d12ccc066dbaa94c636786a566fba12,lien vers l'original,https://substack-post-media.s3.amazonaws.com/public/images/d76d0010-5634-4567-bd8d-48e9c80ce2ad_1086x1448.png
danse-generation,danse-generation/157036eb-e830-4350-9637-2e2a31847ea2_1024x1536.png,2920498,c270b7dbe0e827f6c68e46b2c430bcd9e064e5a866dfa908958d7d940124776f,déjà présent,https://substack-post-media.s3.amazonaws.com/public/images/157036eb-e830-4350-9637-2e2a31847ea2_1024x1536.png
danse-generation,danse-generation/1c0d6522-3462-4d9d-832f-14532f9a4a74_1624x969.png,2672536,fd817a4209d1100050d5eaa22f33aaf23a93417da4f92f5ea348ed209517dc39,lien vers l'original,https://substack-post-media.s3.amazonaws.com/public/images/1c0d6522-3462-4d9d-832f-14532f9a4a74_1624x969.png
danse-generation,danse-generation/1d2f56ee-da35-4a3c-869c-14be48605d49_1087x1536.png,622660,f8f672f8879c3a13647d29ce24ca9c8f0627787960e84aa57b72faaecd9d803a,déjà présent,https://substack-post-media.s3.amazonaws.com/public/images/1d2f56ee-da35-4a3c-869c-14be48605d49_1087x1536.png
danse-generation,danse-generation/78936aaa-3582-4c01-a1d3-99cbb22dbcc5_1087x1536.png,620344,f281d7963755ffdeb1baccbb6d284d32d7bd602582ac1c225627f5eb6ee8d5b4,déjà présent,https://substack-post-media.s3.amazonaws.com/public/images/78936aaa-3582-4c01-a1d3-99cbb22dbcc5_1087x1536.png
danse-generation,danse-generation/875a12cd-f170-4880-a511-e2a5675a5498_1087x1536.png,681137,90c5cc7acf704d2b7fe59b81d2732ed174e5760b141cb526f08d79960e05ef99,déjà présent,https://substack-post-media.s3.amazonaws.com/public/images/875a12cd-f170-4880-a511-e2a5675a5498_1087x1536.png
danse-generation,danse-generation/8c83e2e9-fd98-4068-bdcb-f03be2e08223_1087x1536.png,619700,cb525a0fd76c3f7e4c1047e92bf7b2f5a1b4d98414a944249b82e339faf50f73,déjà présent,https://substack-post-media.s3.amazonaws.com/public/images/8c83e2e9-fd98-4068-bdcb-f03be2e08223_1087x1536.png
danse-generation,danse-generation/e44b1294-39f9-43ad-b41a-d58192f1270f_1983x793.png,2587276,63f25629dcdf2c4fd896b90a8dea8045679a0fbe3ae154452b985168bb815715,lien vers l'original,https://substack-post-media.s3.amazonaws.com/public/images/e44b1294-39f9-43ad-b41a-d58192f1270f_1983x793.png
danse-generation,danse-generation/e62f2198-ae31-4f21-8c2e-12a92e96e607_1087x1536.png,624641,91e312f417d42fffb924e6558371c51b39b204c9bd3c02e52aacee35f46a858a,déjà présent,https://substack-post-media.s3.amazonaws.com/public/images/e62f2198-ae31-4f21-8c2e-12a92e96e607_1087x1536.png
dev-perso-and-new-age,dev-perso-and-new-age/0926e39e-5ed9-4fa4-861f-869ba7248070_1122x1402.png,2846549,249a6103bcfb2155aa1682627f9e31820619af0d2c09f8db00aeec55c751efcd,déjà présent,https://substack-post-media.s3.amazonaws.com/public/images/0926e39e-5ed9-4fa4-861f-869ba7248070_1122x1402.png
dev-perso-and-new-age,dev-perso-and-new-age/10462f53-f952-4bc7-b11c-a2878eea67f3_1983x793.png,2587276,63f25629dcdf2c4fd896b90a8dea8045679a0fbe3ae154452b985168bb815715,déjà présent,https://substack-post-media.s3.amazonaws.com/public/images/10462f53-f952-4bc7-b11c-a2878eea67f3_1983x793.png
dev-perso-and-new-age,dev-perso-and-new-age/1c0d6522-3462-4d9d-832f-14532f9a4a74_1624x969.png,2672536,fd817a4209d1100050d5eaa22f33aaf23a93417da4f92f5ea348ed209517dc39,lien vers l'original,https://substack-post-media.s3.amazonaws.com/public/images/1c0d6522-3462-4d9d-832f-14532f9a4a74_1624x969.png
dev-perso-and-new-age,dev-perso-and-new-age/220acebd-ec70-4a6f-a62b-305cb433e8b8_1055x1490.png,2879545,9838b33d2c05bcd130bb82c58f75aad0bbd939d2bb3e881d69c18e9790ce6cef,déjà présent,https://substack-post-media.s3.amazonaws.com/public/images/220acebd-ec70-4a6f-a62b-305cb433e8b8_1055x1490.png
dev-perso-and-new-age,dev-perso-and-new-age/31b9fa4b-6195-4cd6-b15b-e3db27d03be7_1054x1492.png,2719423,b0fe165a181547e7cb27de23185416c49b071bc00ec57af112da36473556fd86,déjà présent,https://substack-post-media.s3.amazonaws.com/public/images/31b9fa4b-6195-4cd6-b15b-e3db27d03be7_1054x1492.png
dev-perso-and-new-age,dev-perso-and-new-age/a6b46c83-7153-4042-ba8e-44a7af219cb7_1448x1086.png,2559118,e01c2a5a15d07a3f4c7224e55abe814bf8a8dd754a4e9deceacc239b57c3d981,déjà présent,https://substack-post-media.s3.amazonaws.com/public/images/a6b46c83-7153-4042-ba8e-44a7af219cb7_1448x1086.png
dev-perso-and-new-age,dev-perso-and-new-age/c4fecfb4-90f4-476a-9016-053ce8a945f6_1055x1491.png,3012394,7db378f7ceee9ff7fa939e39e647232853de37c08a09010e02b0985057d8ebb9,déjà présent,https://substack-post-media.s3.amazonaws.com/public/images/c4fecfb4-90f4-476a-9016-053ce8a945f6_1055x1491.png
dev-perso-and-new-age,dev-perso-and-new-age/c876acf2-ce97-49a3-b97f-0c8cfc91ba34_1054x1492.png,2852406,0aa429752f55c810240a388d006efcc39ecaf605406ca23700bf03cbca6f278d,déjà présent,https://substack-post-media.s3.amazonaws.com/public/images/c876acf2-ce97-49a3-b97f-0c8cfc91ba34_1054x1492.png
dev-perso-and-new-age,dev-perso-and-new-age/d9d6c6d1-8f96-4256-a78e-be2c7bd94015_1024x1536.png,2576167,f8748d7e4a8052405de4a73ad7641be5f76003f77decc416f35b788b2ae033af,déjà présent,https://substack-post-media.s3.amazonaws.com/public/images/d9d6c6d1-8f96-4256-a78e-be2c7bd94015_1024x1536.png
du-moi-incarne-au-soi-solaire-le,du-moi-incarne-au-soi-solaire-le/3aa654c3-0d4c-4adf-bfd1-f9a18ce3d840_984x1241.jpeg,818434,9175a4f67bd1c3ff11bb1b8775da7267338eb7eacac5ec3b0c07676647b567df,déjà présent,https://substack-post-media.s3.amazonaws.com/public/images/3aa654c3-0d4c-4adf-bfd1-f9a18ce3d840_984x1241.jpeg
du-moi-incarne-au-soi-solaire-le,du-moi-incarne-au-soi-solaire-le/f3546e57-2b01-430f-9f39-c6c8921aecf2_1080x705.jpeg,176743,85b66217ff446192a16b5db9d58b055feb75af417027c00bc158eeb86fe4f040,lien vers l'original,https://substack-post-media.s3.amazonaws.com/public/images/f3546e57-2b01-430f-9f39-c6c8921aecf2_1080x705.jpeg
du-moralisateur-au-psychologisateur,du-moralisateur-au-psychologisateur/10462f53-f952-4bc7-b11c-a2878eea67f3_1983x793.png,2587276,63f25629dcdf2c4fd896b90a8dea8045679a0fbe3ae154452b985168bb815715,lien vers l'original,https://substack-post-media.s3.amazonaws.com/public/images/10462f53-f952-4bc7-b11c-a2878eea67f3_1983x793.png
du-moralisateur-au-psychologisateur,du-moralisateur-au-psychologisateur/1ad007ca-52bb-4369-b0cd-c6874cf244c9_1086x1448.png,2773345,034e94d5253f4ee10b8dcb5643b8f45993b8dcbafff39dd966f6d4835da573cb,déjà présent,https://substack-post-media.s3.amazonaws.com/public/images/1ad007ca-52bb-4369-b0cd-c6874cf244c9_1086x1448.png
du-moralisateur-au-psychologisateur,du-moralisateur-au-psychologisateur/1c0d6522-3462-4d9d-832f-14532f9a4a74_1624x969.png,2672536,fd817a4209d1100050d5eaa22f33aaf23a93417da4f92f5ea348ed209517dc39,lien vers l'original,https://substack-post-media.s3.amazonaws.com/public/images/1c0d6522-3462-4d9d-832f-14532f9a4a74_1624x969.png
du-moralisateur-au-psychologisateur,du-moralisateur-au-psychologisateur/3c434dde-0e11-4c13-8733-10cdb55c34be_1086x1448.png,2519614,8b80bd6efcf6adc3278a6750b5f5c7cf38d35f5ff81c93ffc2c4fee70915b96a,déjà présent,https://substack-post-media.s3.amazonaws.com/public/images/3c434dde-0e11-4c13-8733-10cdb55c34be_1086x1448.png
du-moralisateur-au-psychologisateur,du-moralisateur-au-psychologisateur/572b93dc-52ee-440e-8998-5dc7922b4ebf_1086x1448.png,2542492,52b5e02f41ba311ac77b0f18aae3f80cd547999231f13145aef1e4b950023786,déjà présent,https://substack-post-media.s3.amazonaws.com/public/images/572b93dc-52ee-440e-8998-5dc7922b4ebf_1086x1448.png
du-moralisateur-au-psychologisateur,du-moralisateur-au-psychologisateur/879a8ea4-ad91-48e9-8f4e-dc6f7afbd75e_1536x1024.png,2173928,2cf600ca5841e06124b9ba2a5813c0ad6ffdfac019578d1177cec7c10ea1120e,déjà présent,https://substack-post-media.s3.amazonaws.com/public/images/879a8ea4-ad91-48e9-8f4e-dc6f7afbd75e_1536x1024.png
du-moralisateur-au-psychologisateur,du-moralisateur-au-psychologisateur/891519d6-68cf-495b-b2a5-1408dffd1dd1_1086x1448.png,2520173,656e959b2c9d3f608dc06ce0b8e7887a060a2759be3ddd9ca4ea73a6bc19722c,déjà présent,https://substack-post-media.s3.amazonaws.com/public/images/891519d6-68cf-495b-b2a5-1408dffd1dd1_1086x1448.png
du-moralisateur-au-psychologisateur,du-moralisateur-au-psychologisateur/c816b256-3196-4852-b588-34745ed11e2f_1086x1448.png,2789174,184af46da8dcbd45cb6a45e02d47403b14171e554bbab5d49b55c59b2f730e09,déjà présent,https://substack-post-media.s3.amazonaws.com/public/images/c816b256-3196-4852-b588-34745ed11e2f_1086x1448.png
du-moralisateur-au-psychologisateur,du-moralisateur-au-psychologisateur/cb4af019-ad0f-4c8e-9386-faeb87a5962b_1024x1536.png,2906029,a91c351ca6c35fd7bbb0bd9ba300ef2dc183651e416d6de8f7145b41ab892239,déjà présent,https://substack-post-media.s3.amazonaws.com/public/images/cb4af019-ad0f-4c8e-9386-faeb87a5962b_1024x1536.png
du-moralisateur-au-psychologisateur,du-moralisateur-au-psychologisateur/cbd8568f-262b-486d-a1f4-7fec22ac6ead_1536x1024.png,2234995,ab9c5bd118f22bb1ac975f1bfb29f392f9a1c9bc872d4890ef9d3a4ad39bc3f8,déjà présent,https://substack-post-media.s3.amazonaws.com/public/images/cbd8568f-262b-486d-a1f4-7fec22ac6ead_1536x1024.png
du-moralisateur-au-psychologisateur,du-moralisateur-au-psychologisateur/e85f6a1c-0107-4093-91c2-7aee4908037b_1536x1024.png,2263186,722840e345be745d88ea3238a6869874ec3c3d2927aef61a733d54785e34a580,déjà présent,https://substack-post-media.s3.amazonaws.com/public/images/e85f6a1c-0107-4093-91c2-7aee4908037b_1536x1024.png
epicotherapie,epicotherapie/1e489c31-370a-4a54-bf4b-2794be69f64e_1080x425.jpeg,201195,2fbfc1d0341fab757208f229334a670c53eb48466a9cc8dda5daf1d18dee919b,déjà présent,https://substack-post-media.s3.amazonaws.com/public/images/1e489c31-370a-4a54-bf4b-2794be69f64e_1080x425.jpeg
epicotherapie,epicotherapie/25c2f6b8-9210-4d13-80dc-faddacc169cf_972x1229.jpeg,809478,16a3f032d4948ce6df7d193ea6e3f98b8534ca29a8c8687df39b65dce9794854,déjà présent,https://substack-post-media.s3.amazonaws.com/public/images/25c2f6b8-9210-4d13-80dc-faddacc169cf_972x1229.jpeg
epicotherapie,epicotherapie/2dcbf295-c248-4736-8060-93105d7be9d1_984x1231.jpeg,768492,3cae19c592e0d099e142858c26e6371bbd2d560b862bcd32c462eaa0355de9b5,déjà présent,https://substack-post-media.s3.amazonaws.com/public/images/2dcbf295-c248-4736-8060-93105d7be9d1_984x1231.jpeg
epicotherapie,epicotherapie/3245e63d-138f-4e0e-a56f-37f236fdb948_986x1233.jpeg,730956,c38c168012c812f68bb8b36f8a4207ddb39ed62fa6996a4dcbabf2e9eb73e1b8,déjà présent,https://substack-post-media.s3.amazonaws.com/public/images/3245e63d-138f-4e0e-a56f-37f236fdb948_986x1233.jpeg
epicotherapie,epicotherapie/35143542-3f86-4e8f-b997-e6fd4a99d7fd_979x1221.jpeg,786722,5db880c2f5358872a5a5bfc859c9398cc971e5757f934440ba23c50fae9932c6,déjà présent,https://substack-post-media.s3.amazonaws.com/public/images/35143542-3f86-4e8f-b997-e6fd4a99d7fd_979x1221.jpeg
epicotherapie,epicotherapie/3b8b402e-33ba-4017-bccf-f1f3e29271cc_968x1227.jpeg,254194,65550c37c37c081a4f0945618ef596c695f0c183d9bd33bfc221b178e2bf3217,déjà présent,https://substack-post-media.s3.amazonaws.com/public/images/3b8b402e-33ba-4017-bccf-f1f3e29271cc_968x1227.jpeg
epicotherapie,epicotherapie/5b5dc42c-b28f-46eb-94d9-4a5eba428d1f_779x182.jpeg,40788,e119d1b75c957b4a907a28decb7c8cb5b7b73640d094d62601bde7e453cefa52,déjà présent,https://substack-post-media.s3.amazonaws.com/public/images/5b5dc42c-b28f-46eb-94d9-4a5eba428d1f_779x182.jpeg
epicotherapie,epicotherapie/68842492-af4d-4a6a-8d9a-26c41a033b6e_969x1235.jpeg,693661,ff257fbea0665d8c954e5043deb27ce3742e856d19eb7063e21c7acf7152a8b7,déjà présent,https://substack-post-media.s3.amazonaws.com/public/images/68842492-af4d-4a6a-8d9a-26c41a033b6e_969x1235.jpeg
epicotherapie,epicotherapie/6d6187b3-7454-42df-b277-d4a6dd112eb4_989x1229.jpeg,423149,cb621f26b7550c0e4284eeb50ed6203307e0c4e06f4e538471eb91a423647aa7,déjà présent,https://substack-post-media.s3.amazonaws.com/public/images/6d6187b3-7454-42df-b277-d4a6dd112eb4_989x1229.jpeg
epicotherapie,epicotherapie/7ab2f986-fb3f-4f20-a080-5c6f1a4ba9e9_1024x1536.jpeg,3029473,d7e00869ab53fcfd6dd17cbdaa16c0ac58d661f4459124dfc219d2f8a663faf4,déjà présent,https://substack-post-media.s3.amazonaws.com/public/images/7ab2f986-fb3f-4f20-a080-5c6f1a4ba9e9_1024x1536.jpeg
epicotherapie,epicotherapie/7c16715f-e82d-4018-b973-b0409746b5cc_984x1237.jpeg,660050,1a51a4a0000120df5e8ae020a062e192bf9696bfd7be48a7c8c04eace01b91d2,déjà présent,https://substack-post-media.s3.amazonaws.com/public/images/7c16715f-e82d-4018-b973-b0409746b5cc_984x1237.jpeg
epicotherapie,epicotherapie/7e522206-4b5f-4b80-b0aa-bcdca15e3269_985x1227.jpeg,771149,6e1dafa2a0c366a16cf67f996be7bcfa3edb34ac3f3558c9cf5ab3ef0624b738,déjà présent,https://substack-post-media.s3.amazonaws.com/public/images/7e522206-4b5f-4b80-b0aa-bcdca15e3269_985x1227.jpeg
epicotherapie,epicotherapie/83f6e437-ae26-44cf-83e6-6966b25862f7_1080x705.jpeg,176743,85b66217ff446192a16b5db9d58b055feb75af417027c00bc158eeb86fe4f040,déjà présent,https://substack-post-media.s3.amazonaws.com/public/images/83f6e437-ae26-44cf-83e6-6966b25862f7_1080x705.jpeg
epicotherapie,epicotherapie/84c9b3a8-2120-46ab-a97e-c4cdb67a16a5_985x1227.jpeg,1048298,8754cbfd47088d8fbec4fd40bf21967d809f7cc338d2e796e8511db164230194,déjà présent,https://substack-post-media.s3.amazonaws.com/public/images/84c9b3a8-2120-46ab-a97e-c4cdb67a16a5_985x1227.jpeg
epicotherapie,epicotherapie/8e64479c-e9f2-45eb-acc8-e3f6d5f54117_988x1219.jpeg,739045,519b3edf757bec4a00e8db18a503cd66cac6e028ce976b4d57f6aa763b0d9ea2,déjà présent,https://substack-post-media.s3.amazonaws.com/public/images/8e64479c-e9f2-45eb-acc8-e3f6d5f54117_988x1219.jpeg
epicotherapie,epicotherapie/9d55bf7d-19ac-4479-97a5-c0ae56bc014a_985x1244.jpeg,524727,731110071f7c7cf587eb1f6d4739691a3d419b7e27d57e6ccfd59a0a4a6d1a8e,déjà présent,https://substack-post-media.s3.amazonaws.com/public/images/9d55bf7d-19ac-4479-97a5-c0ae56bc014a_985x1244.jpeg
epicotherapie,epicotherapie/a0822aac-7d81-481b-b9cf-47d868efba5c_989x1231.jpeg,824516,96a527a99db923c96a4057fa65786b61f920837da28a8f1eb9a0642d137e69df,déjà présent,https://substack-post-media.s3.amazonaws.com/public/images/a0822aac-7d81-481b-b9cf-47d868efba5c_989x1231.jpeg
epicotherapie,epicotherapie/a42c78e2-cff8-4725-b597-77e94e48951d_974x1234.jpeg,374001,f6e870ec176a1e92710ee4013486299aff2edb585b84f9c5e0dff980ac85f3ca,déjà présent,https://substack-post-media.s3.amazonaws.com/public/images/a42c78e2-cff8-4725-b597-77e94e48951d_974x1234.jpeg
epicotherapie,epicotherapie/a98b4691-4640-4d84-acd9-7c0d0893fc64_984x1229.jpeg,457298,34335667cab0a840021205c7e95c9594827834b216de8da593c831b9667c1e1d,déjà présent,https://substack-post-media.s3.amazonaws.com/public/images/a98b4691-4640-4d84-acd9-7c0d0893fc64_984x1229.jpeg
epicotherapie,epicotherapie/b468d80d-f496-453b-8d0f-633eb73c42de_982x1228.jpeg,501859,e1a464f3c4fa71769ab889e5117a900fb1075a9c06f31a6e1f9f2b37912dddf5,déjà présent,https://substack-post-media.s3.amazonaws.com/public/images/b468d80d-f496-453b-8d0f-633eb73c42de_982x1228.jpeg
epicotherapie,epicotherapie/b75c0964-218c-4b40-b17f-23c72048abb7_470x531.png,195129,989f3ca9d666811500dbb0bee395579f4fba7e37f37f8c6e8e04dc293dd8f88f,déjà présent,https://substack-post-media.s3.amazonaws.com/public/images/b75c0964-218c-4b40-b17f-23c72048abb7_470x531.png
epicotherapie,epicotherapie/b7c298a8-ee64-4ea0-b509-72e504a9d659_1080x1882.jpeg,255638,8b8b81d6b9773af1fa2f5c47abc16c9a69a14f0c98c4d84baabb77bd0ce2a1a2,déjà présent,https://substack-post-media.s3.amazonaws.com/public/images/b7c298a8-ee64-4ea0-b509-72e504a9d659_1080x1882.jpeg
epicotherapie,epicotherapie/bfede610-e2c7-4312-9a0d-c44099d429fd_985x1226.jpeg,876633,4c84f40476e261a6e6e2fb9ba67b135ffc173c53610fbd0c93f0a15c64946802,déjà présent,https://substack-post-media.s3.amazonaws.com/public/images/bfede610-e2c7-4312-9a0d-c44099d429fd_985x1226.jpeg
epicotherapie,epicotherapie/e18b5289-c8a7-4584-b2d7-3dff0c10cf05_984x1229.jpeg,399690,13f3dddd91ef65e430bc7c075f156a6473b132c605e380fd96116dabb61a2f78,déjà présent,https://substack-post-media.s3.amazonaws.com/public/images/e18b5289-c8a7-4584-b2d7-3dff0c10cf05_984x1229.jpeg
epicotherapie,epicotherapie/e37c82eb-d72c-4e16-831d-ebadf6491cf4_986x1238.jpeg,1010792,067f7c4306b0d9fe59d3c2174716a499323919663e3b1c732d7a55fbf2dccba8,déjà présent,https://substack-post-media.s3.amazonaws.com/public/images/e37c82eb-d72c-4e16-831d-ebadf6491cf4_986x1238.jpeg
epicotherapie,epicotherapie/f756cc71-af81-4cbc-be6d-07bb1e10dbfa_986x1227.jpeg,786603,35de154cab242bd12d99244da7c8d175bf20fd2c3f59d717a40234716c9aa828,déjà présent,https://substack-post-media.s3.amazonaws.com/public/images/f756cc71-af81-4cbc-be6d-07bb1e10dbfa_986x1227.jpeg
epicotherapie,epicotherapie/f85e71d9-6a1f-4965-8a03-e432287795a0_986x1224.jpeg,515646,d77d0239493fc8bb5471ddaae198a2438015fd2ddfa27122e4eced50848a3737,déjà présent,https://substack-post-media.s3.amazonaws.com/public/images/f85e71d9-6a1f-4965-8a03-e432287795a0_986x1224.jpeg
harmonis-mentis-prime,harmonis-mentis-prime/5d289e2e-7d59-4caf-b1ca-ba0367a6cf96_1122x1402.png,2357728,3ce6347594f09268a8073399c6cfd152dd131f7592fd8347695ca017fa4d1738,déjà présent,https://substack-post-media.s3.amazonaws.com/public/images/5d289e2e-7d59-4caf-b1ca-ba0367a6cf96_1122x1402.png
harmonis-mentis-prime,harmonis-mentis-prime/6e201ceb-602c-4943-8fa4-2a67f4b1f590_2430x1500.png,4201300,df0f7937538a261e3aabf02dbea79e63ba0c7cf3e12bfeb709098f6acd869ae8,déjà présent,https://substack-post-media.s3.amazonaws.com/public/images/6e201ceb-602c-4943-8fa4-2a67f4b1f590_2430x1500.png
harmonis-mentis-prime,harmonis-mentis-prime/b9b9015e-f874-4748-aafb-9f5216f2f910_1254x1254.png,2446999,98b714e25e5cc74beefa513689a04058f1b4674ac0da6869c5b3074d3f55a352,déjà présent,https://substack-post-media.s3.amazonaws.com/public/images/b9b9015e-f874-4748-aafb-9f5216f2f910_1254x1254.png
ia-verticale-vers-une-super-intelligence,ia-verticale-vers-une-super-intelligence/78aff9bd-99d0-472b-b427-cc7465969b34_985x1239.jpeg,794253,7223a995452e7894d586507fda664968455b791ddba06d184d69ee4a6d2d51c9,déjà présent,https://substack-post-media.s3.amazonaws.com/public/images/78aff9bd-99d0-472b-b427-cc7465969b34_985x1239.jpeg
ia-verticale-vers-une-super-intelligence,ia-verticale-vers-une-super-intelligence/9eaae39d-bef7-4d88-bca2-49c0f987beb6_968x1227.jpeg,254194,65550c37c37c081a4f0945618ef596c695f0c183d9bd33bfc221b178e2bf3217,déjà présent,https://substack-post-media.s3.amazonaws.com/public/images/9eaae39d-bef7-4d88-bca2-49c0f987beb6_968x1227.jpeg
ia-verticale-vers-une-super-intelligence,ia-verticale-vers-une-super-intelligence/b8e98375-c70d-432d-9766-2617f12c838e_985x1233.jpeg,748648,8072f4554a1ce26b0eba34be62d0403888283bfdf6e87b675b872acfb9c7eddb,déjà présent,https://substack-post-media.s3.amazonaws.com/public/images/b8e98375-c70d-432d-9766-2617f12c838e_985x1233.jpeg
ia-verticale-vers-une-super-intelligence,ia-verticale-vers-une-super-intelligence/c70386a7-6b64-421f-ae0f-4f6f2c00f6af_989x1238.jpeg,777834,94dd6e7d842aa24b575514640ab79863d01de505ea7c74437ece45a4348cfe04,déjà présent,https://substack-post-media.s3.amazonaws.com/public/images/c70386a7-6b64-421f-ae0f-4f6f2c00f6af_989x1238.jpeg
ia-verticale-vers-une-super-intelligence,ia-verticale-vers-une-super-intelligence/da7df502-fae6-4917-87da-9df809270df6_1080x705.jpeg,176743,85b66217ff446192a16b5db9d58b055feb75af417027c00bc158eeb86fe4f040,déjà présent,https://substack-post-media.s3.amazonaws.com/public/images/da7df502-fae6-4917-87da-9df809270df6_1080x705.jpeg
individu-vertical-dans-un-monde-horizontal,individu-vertical-dans-un-monde-horizontal/6e5283e3-9ab7-4f14-af31-1584870dd061_1080x705.jpeg,176743,85b66217ff446192a16b5db9d58b055feb75af417027c00bc158eeb86fe4f040,déjà présent,https://substack-post-media.s3.amazonaws.com/public/images/6e5283e3-9ab7-4f14-af31-1584870dd061_1080x705.jpeg
individu-vertical-dans-un-monde-horizontal-dd6,individu-vertical-dans-un-monde-horizontal-dd6/7b141483-6e4d-4969-940a-dbf4d69ca78b_1080x705.jpeg,176743,85b66217ff446192a16b5db9d58b055feb75af417027c00bc158eeb86fe4f040,déjà présent,https://substack-post-media.s3.amazonaws.com/public/images/7b141483-6e4d-4969-940a-dbf4d69ca78b_1080x705.jpeg
individuation-epicotherapeutique,individuation-epicotherapeutique/4fcb8034-a2ec-4a65-8dbb-771eaf7046fd_1080x1456.png,2689302,800f974d9d664cc2cc3bab62ec0ec88fa7988f6739231c5641b7398b15cdb8a1,déjà présent,https://substack-post-media.s3.amazonaws.com/public/images/4fcb8034-a2ec-4a65-8dbb-771eaf7046fd_1080x1456.png
individuation-epicotherapeutique,individuation-epicotherapeutique/5b4b9fd7-f7fb-40a6-b08f-093953bdd900_1086x1449.png,2438119,381d65cf10ff9de647813ed2db1fdf495b1a4fdf920e7f450bde6fa974948c96,déjà présent,https://substack-post-media.s3.amazonaws.com/public/images/5b4b9fd7-f7fb-40a6-b08f-093953bdd900_1086x1449.png
individuation-epicotherapeutique,individuation-epicotherapeutique/6cb6e1db-5885-4bfd-8d82-e80f43465b9d_1073x1465.png,2656221,e1392842b85e7ff1c4f271a1ad0f4e62b16d8f65462d8c4d9383cca879447d66,déjà présent,https://substack-post-media.s3.amazonaws.com/public/images/6cb6e1db-5885-4bfd-8d82-e80f43465b9d_1073x1465.png
individuation-epicotherapeutique,individuation-epicotherapeutique/9376c720-994b-40f5-a290-9f3923e3da90_1086x1448.png,2131829,36ab8ec205c8a3908b93ae97e4df1e94e6e713ca08dbf616aad13bbc5c660be4,déjà présent,https://substack-post-media.s3.amazonaws.com/public/images/9376c720-994b-40f5-a290-9f3923e3da90_1086x1448.png
individuation-epicotherapeutique,individuation-epicotherapeutique/e4eeac3d-8073-4eed-8918-75450c35b738_1085x1450.png,2340450,64aaa49150262f1fa1b59a3487fb8650d09ef8f3015f8c4763ac90704a509ac0,déjà présent,https://substack-post-media.s3.amazonaws.com/public/images/e4eeac3d-8073-4eed-8918-75450c35b738_1085x1450.png
individuation-epicotherapeutique,individuation-epicotherapeutique/f58f8119-6e1f-4fa4-94f4-6664a17a3463_1983x793.png,2587276,63f25629dcdf2c4fd896b90a8dea8045679a0fbe3ae154452b985168bb815715,déjà présent,https://substack-post-media.s3.amazonaws.com/public/images/f58f8119-6e1f-4fa4-94f4-6664a17a3463_1983x793.png
individuation-epicotherapeutique,individuation-epicotherapeutique/f78488d0-a019-4a0a-b705-92b9c7fa231a_1086x1448.png,2231893,5c67a5308b93bb73f9188f314b2794efe68099516707fbee170a4dfd2a640532,déjà présent,https://substack-post-media.s3.amazonaws.com/public/images/f78488d0-a019-4a0a-b705-92b9c7fa231a_1086x1448.png
individuation-epicotherapeutique,individuation-epicotherapeutique/fe06804d-d900-4708-834b-f3ce8b7b76cc_1983x793.png,2587276,63f25629dcdf2c4fd896b90a8dea8045679a0fbe3ae154452b985168bb815715,lien vers l'original,https://substack-post-media.s3.amazonaws.com/public/images/fe06804d-d900-4708-834b-f3ce8b7b76cc_1983x793.png
individuation-le-seuil,individuation-le-seuil/03fe2d90-073b-4e31-8d06-1f48c802afd5_1080x1135.jpeg,246349,0316a6283071cce52d7507f4b40e266bbadd0708cfeb4f777a3e23c015f9e8a4,déjà présent,https://substack-post-media.s3.amazonaws.com/public/images/03fe2d90-073b-4e31-8d06-1f48c802afd5_1080x1135.jpeg
individuation-le-seuil,individuation-le-seuil/10e070d2-7fea-4e04-920a-ba9c49a64765_1080x1069.jpeg,211433,bbac96007e7a5290429a204d700f079d08ee9f7be5e0f2b9b017347446b90528,déjà présent,https://substack-post-media.s3.amazonaws.com/public/images/10e070d2-7fea-4e04-920a-ba9c49a64765_1080x1069.jpeg
individuation-le-seuil,individuation-le-seuil/301fcc3e-539c-4c1a-8619-88492cdf279e_774x1080.jpeg,148729,4fe96bcaac00dea9c5d9465f57a7cfb2acecc62bb9e578be09f7c66eaa948552,déjà présent,https://substack-post-media.s3.amazonaws.com/public/images/301fcc3e-539c-4c1a-8619-88492cdf279e_774x1080.jpeg
individuation-le-seuil,individuation-le-seuil/3f68da21-8d84-48e9-b369-e10207d71c61_1080x705.jpeg,112042,a9751ec06626d14b6b3c46562025aac3bde9aebeef1c8008edd910ec21caa7ed,lien vers l'original,https://substack-post-media.s3.amazonaws.com/public/images/3f68da21-8d84-48e9-b369-e10207d71c61_1080x705.jpeg
individuation-le-seuil,individuation-le-seuil/7a383f10-a7fa-4a64-894c-1983410d7e7f_977x556.jpeg,149139,461ffdef82680a50b79bd3144da28fe9a5f57590b9024e04b8c811facdf5c52e,déjà présent,https://substack-post-media.s3.amazonaws.com/public/images/7a383f10-a7fa-4a64-894c-1983410d7e7f_977x556.jpeg
individuation-le-seuil,individuation-le-seuil/8879473a-9c60-4463-bbb9-dda2704587c6_985x1231.jpeg,980453,205f6aed5baa111a7739deae6a10e9fbe73841939f9bb3da57acec23a85e401f,déjà présent,https://substack-post-media.s3.amazonaws.com/public/images/8879473a-9c60-4463-bbb9-dda2704587c6_985x1231.jpeg
individuation-le-seuil,individuation-le-seuil/8a52140c-f042-4eb4-90c0-f52b38bb2236_999x1242.jpeg,891973,a8b5b57f98ff2ec32d841d61525c026ea0529dd4b3e8f68f1ece068061073202,déjà présent,https://substack-post-media.s3.amazonaws.com/public/images/8a52140c-f042-4eb4-90c0-f52b38bb2236_999x1242.jpeg
individuation-le-seuil,individuation-le-seuil/ce9a2b87-05a7-4707-9994-f19204ca06dd_1080x1389.jpeg,361659,6e8951e2aab97069c47556befa35a73f0a4a9e9cb1a318edf6f82b8daf7961d2,déjà présent,https://substack-post-media.s3.amazonaws.com/public/images/ce9a2b87-05a7-4707-9994-f19204ca06dd_1080x1389.jpeg
individuation-le-seuil,individuation-le-seuil/d5ad1529-1827-4255-8053-12e05cc2f3a2_1600x2000.png,4331180,71f61c185d836087cd2c3b7a18d1dbf268ebb3c69e3dda2a068776bdce92495e,déjà présent,https://substack-post-media.s3.amazonaws.com/public/images/d5ad1529-1827-4255-8053-12e05cc2f3a2_1600x2000.png
individuation-le-seuil,individuation-le-seuil/dd12e6eb-4f78-432b-a5b6-b3374f3fb3a9_994x1232.jpeg,741302,95a94f0063a66f5ddc2fbb980955392f969920eb3ff073c96c8648aa738fa830,déjà présent,https://substack-post-media.s3.amazonaws.com/public/images/dd12e6eb-4f78-432b-a5b6-b3374f3fb3a9_994x1232.jpeg
individuation-le-seuil,individuation-le-seuil/df38d572-81bd-44d6-a769-acba844dbc39_3240x3582.png,1666831,0b7090f612eb3ea34d3f6da1fc7586690a970ffc2ab9634c6cfdfd7b7692b02d,déjà présent,https://substack-post-media.s3.amazonaws.com/public/images/df38d572-81bd-44d6-a769-acba844dbc39_3240x3582.png
innovatio,innovatio/007425dc-eafd-4f35-9b88-d551e222869e_1942x809.png,2922164,6e408764bcf453f5574ccdc63c25f0c605dbb4ba5ab9a4420dda435608db5e41,lien vers l'original,https://substack-post-media.s3.amazonaws.com/public/images/007425dc-eafd-4f35-9b88-d551e222869e_1942x809.png
innovatio,innovatio/02989640-7582-42d5-a779-c0612af2450d_1942x809.png,2660503,5e9adb244578eb53a75aeb6a359a54c6327906460d4d42b64671dc8481339b3d,lien vers l'original,https://substack-post-media.s3.amazonaws.com/public/images/02989640-7582-42d5-a779-c0612af2450d_1942x809.png
innovatio,innovatio/1c0d6522-3462-4d9d-832f-14532f9a4a74_1624x969.png,2672536,fd817a4209d1100050d5eaa22f33aaf23a93417da4f92f5ea348ed209517dc39,lien vers l'original,https://substack-post-media.s3.amazonaws.com/public/images/1c0d6522-3462-4d9d-832f-14532f9a4a74_1624x969.png
innovatio,innovatio/24eac3a2-f25c-4f50-89f3-384c06b1e3ce_1024x1536.png,3072629,c64ab84ed0088671c70a488c561b4e05c031d0b5f87a4429cb46ed3996358213,déjà présent,https://substack-post-media.s3.amazonaws.com/public/images/24eac3a2-f25c-4f50-89f3-384c06b1e3ce_1024x1536.png
innovatio,innovatio/255e96ae-fd43-4b49-bf41-1397389da90e_1024x1536.png,3037970,af58420d21904da6056c532dc52a2cda653e27659b0f10c60866023857dac150,déjà présent,https://substack-post-media.s3.amazonaws.com/public/images/255e96ae-fd43-4b49-bf41-1397389da90e_1024x1536.png
innovatio,innovatio/3db19133-a324-40b4-a0eb-b8f4e8357656_1942x809.png,2776740,dc614ffc5152938fd1d40199de801aeb4952e1c06a15082e16153f6edd7b7fa8,lien vers l'original,https://substack-post-media.s3.amazonaws.com/public/images/3db19133-a324-40b4-a0eb-b8f4e8357656_1942x809.png
innovatio,innovatio/4dcbc81c-1438-4447-af1a-edf33307bcad_2244x1668.png,6933902,09b8e0560406c7cf55ca4b18fb8a6b2621e0bf02f625abea7e8edfb6805e574c,lien vers l'original,https://substack-post-media.s3.amazonaws.com/public/images/4dcbc81c-1438-4447-af1a-edf33307bcad_2244x1668.png
innovatio,innovatio/537a3509-2d50-4baf-a46b-8dbec583a078_1942x809.png,2410731,f153b1baec9a623d5a4c23aa9a111d18c2bede1a74e68ea0f6d5149c95134301,lien vers l'original,https://substack-post-media.s3.amazonaws.com/public/images/537a3509-2d50-4baf-a46b-8dbec583a078_1942x809.png
innovatio,innovatio/5f114c9b-496a-43ed-adfb-74a11c434ffc_1942x809.png,2513817,bd25ad3711d27b7484ef7c1605abd650d93f2b05639327a51da98dcee11c03aa,lien vers l'original,https://substack-post-media.s3.amazonaws.com/public/images/5f114c9b-496a-43ed-adfb-74a11c434ffc_1942x809.png
innovatio,innovatio/612fec88-5573-4927-90f2-81805b5e7a01_1983x793.png,2587276,63f25629dcdf2c4fd896b90a8dea8045679a0fbe3ae154452b985168bb815715,lien vers l'original,https://substack-post-media.s3.amazonaws.com/public/images/612fec88-5573-4927-90f2-81805b5e7a01_1983x793.png
innovatio,innovatio/7412df23-50a5-44bd-9961-d47d7f94be4d_1024x1536.png,3151390,4a20fd6dedf5b987ad8a2387f54c00e624980619df4ec4bc8455156c9817fb83,déjà présent,https://substack-post-media.s3.amazonaws.com/public/images/7412df23-50a5-44bd-9961-d47d7f94be4d_1024x1536.png
innovatio,innovatio/824d121d-e891-46b3-8657-58f09a6c56c1_1024x1536.png,3252231,285375ef87fa11a4342686cc700577c2257cb121c16bc0623da67b5200498258,déjà présent,https://substack-post-media.s3.amazonaws.com/public/images/824d121d-e891-46b3-8657-58f09a6c56c1_1024x1536.png
innovatio,innovatio/d0cdc8e8-5238-485b-9076-13c9924ff8b3_1024x1536.png,3234259,46e5d9042667cda3ad680b502828fb51d6ec06851cfc6d5c9302afd0fdcc5dac,déjà présent,https://substack-post-media.s3.amazonaws.com/public/images/d0cdc8e8-5238-485b-9076-13c9924ff8b3_1024x1536.png
innovatio,innovatio/dab4ae41-25cd-4302-9e0a-a70eb9b0a899_2244x1668.png,6933902,09b8e0560406c7cf55ca4b18fb8a6b2621e0bf02f625abea7e8edfb6805e574c,lien vers l'original,https://substack-post-media.s3.amazonaws.com/public/images/dab4ae41-25cd-4302-9e0a-a70eb9b0a899_2244x1668.png
innovatio,innovatio/e32d2c2b-2131-42de-98b3-0b3ed073ba5e_1024x1536.png,3088479,60533ec17163dfbae04e1ff54f140a976805955559aa012d298aa2cb5003b4d4,déjà présent,https://substack-post-media.s3.amazonaws.com/public/images/e32d2c2b-2131-42de-98b3-0b3ed073ba5e_1024x1536.png
je-je-je,je-je-je/02743b9e-19e3-4089-a9f3-254a3853c450_1023x1537.png,2758691,5833fbd86e2816ae5d50f7c67efe7464976c77183d1fbfa29f1f5b181d52029c,déjà présent,https://substack-post-media.s3.amazonaws.com/public/images/02743b9e-19e3-4089-a9f3-254a3853c450_1023x1537.png
je-je-je,je-je-je/02ae5316-ad15-4fe0-9d02-d1c906fea358_1448x1086.png,2326834,0dcd5e5254738d6a38cf9fe702dc5447dd0451db140c756e8178f7456e8b8918,déjà présent,https://substack-post-media.s3.amazonaws.com/public/images/02ae5316-ad15-4fe0-9d02-d1c906fea358_1448x1086.png
je-je-je,je-je-je/1c0d6522-3462-4d9d-832f-14532f9a4a74_1624x969.png,2672536,fd817a4209d1100050d5eaa22f33aaf23a93417da4f92f5ea348ed209517dc39,lien vers l'original,https://substack-post-media.s3.amazonaws.com/public/images/1c0d6522-3462-4d9d-832f-14532f9a4a74_1624x969.png
je-je-je,je-je-je/3b0edf5e-ffea-4ddb-8b6c-2e4dfb36d1c7_1448x1086.png,2455835,65809b133287a7cf04448c482659d929945ecc75ff40c31a99194b7b350032f1,déjà présent,https://substack-post-media.s3.amazonaws.com/public/images/3b0edf5e-ffea-4ddb-8b6c-2e4dfb36d1c7_1448x1086.png
je-je-je,je-je-je/af3d31ea-29f4-4bc6-abf3-8b1e2e693670_1983x793.png,2587276,63f25629dcdf2c4fd896b90a8dea8045679a0fbe3ae154452b985168bb815715,lien vers l'original,https://substack-post-media.s3.amazonaws.com/public/images/af3d31ea-29f4-4bc6-abf3-8b1e2e693670_1983x793.png
jecris-pour-survivre,jecris-pour-survivre/01a3c389-8051-4a3b-848b-de00f5db3f7d_859x561.jpeg,148231,74cfeacaac55f2249a318cd4e92259864ef49eb59502f4002c77729959743495,déjà présent,https://substack-post-media.s3.amazonaws.com/public/images/01a3c389-8051-4a3b-848b-de00f5db3f7d_859x561.jpeg
jecris-pour-survivre,jecris-pour-survivre/0bf13317-1c60-43dd-8d5d-de7c9571bbea_1010x1264.jpeg,969817,e7fc08cec4db146dc0e4219707080265917bba35695c524a00209150a1b10af4,déjà présent,https://substack-post-media.s3.amazonaws.com/public/images/0bf13317-1c60-43dd-8d5d-de7c9571bbea_1010x1264.jpeg
jecris-pour-survivre,jecris-pour-survivre/1425e87d-f3c6-4bb1-8e75-5f48e0a8abbe_993x1233.jpeg,827765,de0994ffb40bddb3d761f4bc7d453e8e6f9d3ac7ccabf26129217278df40d843,déjà présent,https://substack-post-media.s3.amazonaws.com/public/images/1425e87d-f3c6-4bb1-8e75-5f48e0a8abbe_993x1233.jpeg
jecris-pour-survivre,jecris-pour-survivre/25825494-b2ec-4593-8348-09fdc9fae297_1080x1016.jpeg,571456,f8a1fab001399cc8a661bd7f0da2a94c8c086682fbce8e3a0a2d5b6d2e4a1793,déjà présent,https://substack-post-media.s3.amazonaws.com/public/images/25825494-b2ec-4593-8348-09fdc9fae297_1080x1016.jpeg
jecris-pour-survivre,jecris-pour-survivre/2c7b4dff-8e19-489c-aea7-5aed995c775d_1080x351.jpeg,310916,f55c460d5b1bac4e2d28a1b648a3252b2bb3f82caa0b19beb520dc931e18fc69,déjà présent,https://substack-post-media.s3.amazonaws.com/public/images/2c7b4dff-8e19-489c-aea7-5aed995c775d_1080x351.jpeg
jecris-pour-survivre,jecris-pour-survivre/350768ea-bce8-4ef2-aad6-69f1baf8b528_996x1240.jpeg,1016925,182bb08a78d24f1a334762777cbcc27fe1cc78563f16f43ada0603a1bf74b331,déjà présent,https://substack-post-media.s3.amazonaws.com/public/images/350768ea-bce8-4ef2-aad6-69f1baf8b528_996x1240.jpeg
jecris-pour-survivre,jecris-pour-survivre/36c09c2c-bd5f-4fa3-8a6d-7cab32c361e4_993x1237.jpeg,635361,3cb8be6be14fa87bccc8318534ec3ca2adc6e2d59a40d59ac5178af80a341b76,déjà présent,https://substack-post-media.s3.amazonaws.com/public/images/36c09c2c-bd5f-4fa3-8a6d-7cab32c361e4_993x1237.jpeg
jecris-pour-survivre,jecris-pour-survivre/3f68da21-8d84-48e9-b369-e10207d71c61_1080x705.jpeg,112042,a9751ec06626d14b6b3c46562025aac3bde9aebeef1c8008edd910ec21caa7ed,lien vers l'original,https://substack-post-media.s3.amazonaws.com/public/images/3f68da21-8d84-48e9-b369-e10207d71c61_1080x705.jpeg
jecris-pour-survivre,jecris-pour-survivre/4206f33e-a7f0-43b0-bd90-06384fb4b2fd_1024x1536.jpeg,3029473,d7e00869ab53fcfd6dd17cbdaa16c0ac58d661f4459124dfc219d2f8a663faf4,déjà présent,https://substack-post-media.s3.amazonaws.com/public/images/4206f33e-a7f0-43b0-bd90-06384fb4b2fd_1024x1536.jpeg
jecris-pour-survivre,jecris-pour-survivre/6a92c9d4-2459-4173-b9cc-8bea6760408f_994x1232.jpeg,741302,95a94f0063a66f5ddc2fbb980955392f969920eb3ff073c96c8648aa738fa830,déjà présent,https://substack-post-media.s3.amazonaws.com/public/images/6a92c9d4-2459-4173-b9cc-8bea6760408f_994x1232.jpeg
jecris-pour-survivre,jecris-pour-survivre/7f88554c-d38b-41c1-a217-ad1784617ec2_1080x815.jpeg,491342,005135538b1ccbacfd79ad7cd464b273496d8c50b2425d8cb9119ab21bf92096,déjà présent,https://substack-post-media.s3.amazonaws.com/public/images/7f88554c-d38b-41c1-a217-ad1784617ec2_1080x815.jpeg
jecris-pour-survivre,jecris-pour-survivre/9128655b-b6df-49a6-b078-f3283e244ea2_1080x639.jpeg,542553,25133e5dfd1f82630adbc476fe5209e185f1273a8db3936f2c79f1969eaeeb00,déjà présent,https://substack-post-media.s3.amazonaws.com/public/images/9128655b-b6df-49a6-b078-f3283e244ea2_1080x639.jpeg
jecris-pour-survivre,jecris-pour-survivre/95a1e694-3ab8-45a2-9481-f2335050ae99_987x1240.jpeg,811077,0df97bb4af2fdaec5e2ca36c1cefa6655c5bbed6aba9a8dac83bf1e17cd13fd5,déjà présent,https://substack-post-media.s3.amazonaws.com/public/images/95a1e694-3ab8-45a2-9481-f2335050ae99_987x1240.jpeg
jecris-pour-survivre,jecris-pour-survivre/9fff30e4-8871-45cf-9d5b-45e5b3549526_1005x1247.jpeg,977660,a81fb5efe520a0e91a122a791ffa59ef77824f69fe251fcf0823bfe09253325e,déjà présent,https://substack-post-media.s3.amazonaws.com/public/images/9fff30e4-8871-45cf-9d5b-45e5b3549526_1005x1247.jpeg
jecris-pour-survivre,jecris-pour-survivre/af7cb101-c2a3-4d0e-9749-9807624ad41a_1080x876.jpeg,561694,80694ec5a10dab5189352d6f2a727dfdf6907f5f861140a067d928e5f29f2589,déjà présent,https://substack-post-media.s3.amazonaws.com/public/images/af7cb101-c2a3-4d0e-9749-9807624ad41a_1080x876.jpeg
jecris-pour-survivre,jecris-pour-survivre/b7d999ba-02fc-4b34-8d68-caf00d8770d7_1080x701.jpeg,501069,54b803916fffef7db6d16c53644bea554c542b4a00469edac3bd91109dc014b2,déjà présent,https://substack-post-media.s3.amazonaws.com/public/images/b7d999ba-02fc-4b34-8d68-caf00d8770d7_1080x701.jpeg
jecris-pour-survivre,jecris-pour-survivre/ba053a91-2559-4d33-8876-586f2e6dc7f1_981x1222.jpeg,570669,540efc78920be25a4eeb968318b3c9fc6bf55887bdb36ce5ee90fd6f119d3475,déjà présent,https://substack-post-media.s3.amazonaws.com/public/images/ba053a91-2559-4d33-8876-586f2e6dc7f1_981x1222.jpeg
jecris-pour-survivre,jecris-pour-survivre/c4ffb2cf-88b1-4c7c-830a-d931965bd1dd_984x1233.jpeg,1019036,24c0309ebc8cfea1398be2b94c2716300e9d4491f6c062e7b282680032ba76c0,déjà présent,https://substack-post-media.s3.amazonaws.com/public/images/c4ffb2cf-88b1-4c7c-830a-d931965bd1dd_984x1233.jpeg
jecris-pour-survivre,jecris-pour-survivre/ce474b71-5033-4df9-85ca-f97f6ad5409e_1080x1073.jpeg,337824,9f240a905d76224094ae0fa72792ca52ddb3b25867c444f21e7af843b4470918,déjà présent,https://substack-post-media.s3.amazonaws.com/public/images/ce474b71-5033-4df9-85ca-f97f6ad5409e_1080x1073.jpeg
jecris-pour-survivre,jecris-pour-survivre/d23e4349-880e-4af0-99de-1af3f7ea699e_988x1233.jpeg,630744,f5d96161246644d71bedef3ec24975a0a74758df72f11a948fc30eb630c39fa1,déjà présent,https://substack-post-media.s3.amazonaws.com/public/images/d23e4349-880e-4af0-99de-1af3f7ea699e_988x1233.jpeg
jecris-pour-survivre,jecris-pour-survivre/d3357d7b-ae43-4c61-9ade-07ae775bf2c6_1080x877.jpeg,506952,7816f305f80ca4868d201e08a42fb363cb9c953617693f0b4614e752b5092d4e,déjà présent,https://substack-post-media.s3.amazonaws.com/public/images/d3357d7b-ae43-4c61-9ade-07ae775bf2c6_1080x877.jpeg
jecris-pour-survivre,jecris-pour-survivre/f0149548-4e0c-4cc3-a88e-a3152121d598_989x1244.jpeg,745571,8a341f27d1188a4c50edc7d4a69087fcd9ac7faff844bb0dc07ac59b35bf17ee,déjà présent,https://substack-post-media.s3.amazonaws.com/public/images/f0149548-4e0c-4cc3-a88e-a3152121d598_989x1244.jpeg
jecris-pour-survivre,jecris-pour-survivre/f1dfd913-4a70-43e7-862a-0b1bbdc7b8b6_985x1227.jpeg,1048298,8754cbfd47088d8fbec4fd40bf21967d809f7cc338d2e796e8511db164230194,déjà présent,https://substack-post-media.s3.amazonaws.com/public/images/f1dfd913-4a70-43e7-862a-0b1bbdc7b8b6_985x1227.jpeg
jecris-pour-survivre,jecris-pour-survivre/f7005b9b-999f-472e-b41a-4f26cbf6af1d_470x531.png,195129,989f3ca9d666811500dbb0bee395579f4fba7e37f37f8c6e8e04dc293dd8f88f,déjà présent,https://substack-post-media.s3.amazonaws.com/public/images/f7005b9b-999f-472e-b41a-4f26cbf6af1d_470x531.png
jecris-pour-survivre,jecris-pour-survivre/fa637d5c-faab-4e9d-904f-03b3430981a6_1080x848.jpeg,486819,e0b55f82ba82aafbfa947c0abf4097c21796ea559aff45b29efa725612b14ead,déjà présent,https://substack-post-media.s3.amazonaws.com/public/images/fa637d5c-faab-4e9d-904f-03b3430981a6_1080x848.jpeg
jecris-pour-survivre,jecris-pour-survivre/fc8c8dfc-2ca9-4e7f-b956-9ad3b792a126_1080x866.jpeg,551101,fb51635413c4422958a3e69932e2dede2bb42878e12b5a6aec68d4b1ad80bef0,déjà présent,https://substack-post-media.s3.amazonaws.com/public/images/fc8c8dfc-2ca9-4e7f-b956-9ad3b792a126_1080x866.jpeg
jecris-pour-survivre,jecris-pour-survivre/fd3d73a6-e1ed-42fd-b237-ff249f9183e1_985x1233.jpeg,1164414,5ea922312540cafc92c2406f3d9383b0f2aef78ffe38152f86820b1adb3cfd3b,déjà présent,https://substack-post-media.s3.amazonaws.com/public/images/fd3d73a6-e1ed-42fd-b237-ff249f9183e1_985x1233.jpeg
la-crise-existentielle,la-crise-existentielle/8af29673-cde3-49c7-a776-6b2f910f9686_982x1230.jpeg,709234,f42002c4ffd758372d794a2f346c2323815c4fbab8d117d079212aad58c0ab9e,déjà présent,https://substack-post-media.s3.amazonaws.com/public/images/8af29673-cde3-49c7-a776-6b2f910f9686_982x1230.jpeg
la-crise-existentielle,la-crise-existentielle/f3546e57-2b01-430f-9f39-c6c8921aecf2_1080x705.jpeg,176743,85b66217ff446192a16b5db9d58b055feb75af417027c00bc158eeb86fe4f040,déjà présent,https://substack-post-media.s3.amazonaws.com/public/images/f3546e57-2b01-430f-9f39-c6c8921aecf2_1080x705.jpeg
la-crise-existentielle-individuelle,la-crise-existentielle-individuelle/066209d5-dde4-46cb-9fd5-2e20b9f5ec4e_500x739.jpeg,57373,b1c316c34089e63370a21a34838eefdc24ef33a8ae4fde6128421adba30d2f52,déjà présent,https://substack-post-media.s3.amazonaws.com/public/images/066209d5-dde4-46cb-9fd5-2e20b9f5ec4e_500x739.jpeg
la-crise-existentielle-individuelle,la-crise-existentielle-individuelle/29c687b0-4f4d-47d1-837f-f3603c1b3bbd_980x1231.jpeg,784687,43624561a3e37fcf567366ce51c8df7e18db8724e39b40245fb9d8601c9b352d,déjà présent,https://substack-post-media.s3.amazonaws.com/public/images/29c687b0-4f4d-47d1-837f-f3603c1b3bbd_980x1231.jpeg
la-crise-existentielle-individuelle,la-crise-existentielle-individuelle/8fd6fe91-56bb-4fae-b814-7d125dc0e906_447x612.jpeg,44286,775d4251feaca073e3762508a808522a82ac506cfed5c7ad9669ca2c516b58f4,déjà présent,https://substack-post-media.s3.amazonaws.com/public/images/8fd6fe91-56bb-4fae-b814-7d125dc0e906_447x612.jpeg
la-crise-existentielle-individuelle,la-crise-existentielle-individuelle/974df20d-4c99-4ad0-8557-a1e8eb4a7f6d_450x338.jpeg,18125,58b736d5ae0e01057ca0e210b7c8b490596cf1c5a4730b6075e216c420dcb2d0,déjà présent,https://substack-post-media.s3.amazonaws.com/public/images/974df20d-4c99-4ad0-8557-a1e8eb4a7f6d_450x338.jpeg
la-crise-existentielle-individuelle,la-crise-existentielle-individuelle/a133b838-fae6-43a3-a2ec-dcee52f62813_984x1231.jpeg,342835,4fb44dd4aeec86359e3ef22663e4ba3651055579cb1e9e1e3834b4d083bacf37,déjà présent,https://substack-post-media.s3.amazonaws.com/public/images/a133b838-fae6-43a3-a2ec-dcee52f62813_984x1231.jpeg
la-crise-existentielle-individuelle,la-crise-existentielle-individuelle/a5fd5c36-0e6c-4e1f-abfb-23f8a742e016_405x612.jpeg,44405,3c8d29381fa34dcc0fd1d59cfcf927153cfbea3108372392079865af7f95e608,déjà présent,https://substack-post-media.s3.amazonaws.com/public/images/a5fd5c36-0e6c-4e1f-abfb-23f8a742e016_405x612.jpeg
la-crise-existentielle-individuelle,la-crise-existentielle-individuelle/f3546e57-2b01-430f-9f39-c6c8921aecf2_1080x705.jpeg,176743,85b66217ff446192a16b5db9d58b055feb75af417027c00bc158eeb86fe4f040,lien vers l'original,https://substack-post-media.s3.amazonaws.com/public/images/f3546e57-2b01-430f-9f39-c6c8921aecf2_1080x705.jpeg
la-demonie-interieure-face-a-la-r,la-demonie-interieure-face-a-la-r/0e4162ea-90e8-490d-b450-b785a884486a_170x231.jpeg,5956,d9176389674a861fdc7bf7487c1b0afd9c0e63a4d1dfaa6ed5005130de36b60f,déjà présent,https://substack-post-media.s3.amazonaws.com/public/images/0e4162ea-90e8-490d-b450-b785a884486a_170x231.jpeg
la-demonie-interieure-face-a-la-r,la-demonie-interieure-face-a-la-r/35959119-4139-4dd4-b6a7-d47058e77417_990x1244.jpeg,451803,b276684b849769366430b137c3818106e3c5329a28598d7a68fc7d92a59d5460,déjà présent,https://substack-post-media.s3.amazonaws.com/public/images/35959119-4139-4dd4-b6a7-d47058e77417_990x1244.jpeg
la-demonie-interieure-face-a-la-r,la-demonie-interieure-face-a-la-r/8923895c-51da-4f5c-a130-41a7edc42bef_600x600.jpeg,32544,95582debbbfc734cf95aee10d2c0065cf7589785e7982fa7a38dfd1d63864619,déjà présent,https://substack-post-media.s3.amazonaws.com/public/images/8923895c-51da-4f5c-a130-41a7edc42bef_600x600.jpeg
la-demonie-interieure-face-a-la-r,la-demonie-interieure-face-a-la-r/b01c671f-3a55-475f-a65c-eccd5d95bbab_1280x720.jpeg,142094,0ab943981a395d60f07c6cb10fbb58aa5e684ed7951083947546804200929a6a,déjà présent,https://substack-post-media.s3.amazonaws.com/public/images/b01c671f-3a55-475f-a65c-eccd5d95bbab_1280x720.jpeg
la-demonie-interieure-face-a-la-r,la-demonie-interieure-face-a-la-r/df622606-6a5a-40d7-9645-c2c85ff8103b_990x1230.jpeg,735251,dd164b19d70ceaa900a0005cba8e7789ccbc69e79020c222faf83bff80f5efd6,déjà présent,https://substack-post-media.s3.amazonaws.com/public/images/df622606-6a5a-40d7-9645-c2c85ff8103b_990x1230.jpeg
la-demonie-interieure-face-a-la-r,la-demonie-interieure-face-a-la-r/eb49f889-0947-4ff4-92b4-b733112a8d83_200x286.jpeg,7678,e94c7a7c824222ba19ed5fa888858747e635d36b6f3de626a7a3e19d8dbe0384,déjà présent,https://substack-post-media.s3.amazonaws.com/public/images/eb49f889-0947-4ff4-92b4-b733112a8d83_200x286.jpeg
la-demonie-interieure-face-a-la-r,la-demonie-interieure-face-a-la-r/f3546e57-2b01-430f-9f39-c6c8921aecf2_1080x705.jpeg,176743,85b66217ff446192a16b5db9d58b055feb75af417027c00bc158eeb86fe4f040,lien vers l'original,https://substack-post-media.s3.amazonaws.com/public/images/f3546e57-2b01-430f-9f39-c6c8921aecf2_1080x705.jpeg
la-grille,la-grille/2fdf163c-f515-427f-9e24-a57fccf971e0_2244x1668.png,6933902,09b8e0560406c7cf55ca4b18fb8a6b2621e0bf02f625abea7e8edfb6805e574c,déjà présent,https://substack-post-media.s3.amazonaws.com/public/images/2fdf163c-f515-427f-9e24-a57fccf971e0_2244x1668.png
la-grille,la-grille/50bab02f-1038-496b-8227-79a97d2baff9_1130x1392.png,2347878,e9e5bfde19eb2c54898c29f8478398ff76ab97f9baaebdd92e08951b35227f3b,déjà présent,https://substack-post-media.s3.amazonaws.com/public/images/50bab02f-1038-496b-8227-79a97d2baff9_1130x1392.png
la-grille,la-grille/530c88b5-1d58-42ce-a5e0-9f328b5dbcdc_1080x1457.png,2908529,c1f268ac9b50e4ea86d3cd1ad09898ef977504f236a8a62030bcaa290d63f8c3,déjà présent,https://substack-post-media.s3.amazonaws.com/public/images/530c88b5-1d58-42ce-a5e0-9f328b5dbcdc_1080x1457.png
la-grille,la-grille/9011f8d6-b2a7-4d87-9ee2-8489d2ee7593_1024x1024.png,1916918,8bcce1283e91b780597b5ed2a2226fc8c3f8df3f18986c7788d5bb2f6c36734b,lien vers l'original,https://substack-post-media.s3.amazonaws.com/public/images/9011f8d6-b2a7-4d87-9ee2-8489d2ee7593_1024x1024.png
la-grille,la-grille/be76c00c-a4a4-43b1-afeb-222778b368ea_843x843.png,471339,755b01aad439d2e7e25907aad676106ecade8e317f086982d352c3c622b1b19a,lien vers l'original,https://substack-post-media.s3.amazonaws.com/public/images/be76c00c-a4a4-43b1-afeb-222778b368ea_843x843.png
la-grille,la-grille/e8dae5f8-77cd-49f6-bbef-4c04a92dec30_1024x1024.jpeg,164222,4b33df0bce049912e3c396977560c7c30ed774698e28156d58df1b2c39f7f9f9,lien vers l'original,https://substack-post-media.s3.amazonaws.com/public/images/e8dae5f8-77cd-49f6-bbef-4c04a92dec30_1024x1024.jpeg
la-grille,la-grille/f44b3d73-8092-4556-8341-7d218e11fbdc_1023x1537.png,2566076,60034cca9d5b616517541c9d5b969432bb8ba08f0981a397f7ac00daaf42a573,déjà présent,https://substack-post-media.s3.amazonaws.com/public/images/f44b3d73-8092-4556-8341-7d218e11fbdc_1023x1537.png
la-justice-interieure-face-aux-engagements,la-justice-interieure-face-aux-engagements/049500c3-11ec-4567-899a-e85071d85010_864x499.jpeg,175122,62bfd47d4518bca42e0f15267995dc3bce40cc132fcf44e24966e18a5c38a735,déjà présent,https://substack-post-media.s3.amazonaws.com/public/images/049500c3-11ec-4567-899a-e85071d85010_864x499.jpeg
la-justice-interieure-face-aux-engagements,la-justice-interieure-face-aux-engagements/0728efbd-b0ca-4013-bba0-79fa23a6b2ae_978x1235.webp,118238,a8445b7e8cf327687b7c5e9b324dd2e7534ddfc38274d1b5420ac8002d934cb4,déjà présent,https://substack-post-media.s3.amazonaws.com/public/images/0728efbd-b0ca-4013-bba0-79fa23a6b2ae_978x1235.webp
la-justice-interieure-face-aux-engagements,la-justice-interieure-face-aux-engagements/8b497607-2628-4a0a-a611-444b02e75d16_1024x796.jpeg,148384,046be2acae8a734fd651e65e0e102cce4085f70951cf0eb4feea999d8484a394,déjà présent,https://substack-post-media.s3.amazonaws.com/public/images/8b497607-2628-4a0a-a611-444b02e75d16_1024x796.jpeg
la-justice-interieure-face-aux-engagements,la-justice-interieure-face-aux-engagements/c140b5e3-af6d-4938-9bc1-54b6a018eecc_2290x2144.jpeg,213070,50cd7c1a26022f745176126c2e8a8c2b0478938a4981df71e23e24e223909a95,déjà présent,https://substack-post-media.s3.amazonaws.com/public/images/c140b5e3-af6d-4938-9bc1-54b6a018eecc_2290x2144.jpeg
la-justice-interieure-face-aux-engagements,la-justice-interieure-face-aux-engagements/ed96f531-77e1-4d4b-8889-33e93f0cde2f_992x1228.jpeg,778302,7e454f23c04c579bfdefb91c46be5ee5d15d751a8ed0a53176a632da7c7988cd,déjà présent,https://substack-post-media.s3.amazonaws.com/public/images/ed96f531-77e1-4d4b-8889-33e93f0cde2f_992x1228.jpeg
la-justice-interieure-face-aux-engagements,la-justice-interieure-face-aux-engagements/f1b42770-3106-43eb-b186-592d54276d61_1280x720.jpeg,101111,ba00a9caf0f2cce47ede214da8102a0a49276bea3943003870041707e30e7a0a,déjà présent,https://substack-post-media.s3.amazonaws.com/public/images/f1b42770-3106-43eb-b186-592d54276d61_1280x720.jpeg
la-justice-interieure-face-aux-engagements,la-justice-interieure-face-aux-engagements/f3546e57-2b01-430f-9f39-c6c8921aecf2_1080x705.jpeg,176743,85b66217ff446192a16b5db9d58b055feb75af417027c00bc158eeb86fe4f040,lien vers l'original,https://substack-post-media.s3.amazonaws.com/public/images/f3546e57-2b01-430f-9f39-c6c8921aecf2_1080x705.jpeg
la-sagesse-interieure-face-au-reste,la-sagesse-interieure-face-au-reste/04bcc864-a6a5-4d25-b591-df7464639ccb_1280x1487.jpeg,361814,bd88ded391ef0409f997c8ae6cacdb68652738373e401212f26503fecb7732b3,déjà présent,https://substack-post-media.s3.amazonaws.com/public/images/04bcc864-a6a5-4d25-b591-df7464639ccb_1280x1487.jpeg
la-sagesse-interieure-face-au-reste,la-sagesse-interieure-face-au-reste/1c15f69b-91a9-454e-8d67-30a42bd58e51_1500x1000.jpeg,142194,7532f20bd9a04896afc35af5d1ea474e7ec8653f20c5fb29f77566f3e14469c3,déjà présent,https://substack-post-media.s3.amazonaws.com/public/images/1c15f69b-91a9-454e-8d67-30a42bd58e51_1500x1000.jpeg
la-sagesse-interieure-face-au-reste,la-sagesse-interieure-face-au-reste/8d8e4442-3df9-426b-a684-f05b1042ea3e_4004x6000.jpeg,6174271,75b7c081bced5bbb9bef1c2b616435f3853f48a5b9acba59cca38c53405aad37,déjà présent,https://substack-post-media.s3.amazonaws.com/public/images/8d8e4442-3df9-426b-a684-f05b1042ea3e_4004x6000.jpeg
la-sagesse-interieure-face-au-reste,la-sagesse-interieure-face-au-reste/b6aa3b6e-494b-4177-bba3-3c91b1fe8b91_992x1228.jpeg,839729,b26cc3d9d821908dbdd5ef5bda13fc075b155738c66bf30da25e4f61a4389f4b,déjà présent,https://substack-post-media.s3.amazonaws.com/public/images/b6aa3b6e-494b-4177-bba3-3c91b1fe8b91_992x1228.jpeg
la-sagesse-interieure-face-au-reste,la-sagesse-interieure-face-au-reste/d732b317-87c6-4113-9836-a5883e2b3431_978x1240.jpeg,446643,79c44eb3cd5600ee9bda26a9bc62436fe421965a2cee022d1982bc91e34b390f,déjà présent,https://substack-post-media.s3.amazonaws.com/public/images/d732b317-87c6-4113-9836-a5883e2b3431_978x1240.jpeg
la-sagesse-interieure-face-au-reste,la-sagesse-interieure-face-au-reste/f3546e57-2b01-430f-9f39-c6c8921aecf2_1080x705.jpeg,176743,85b66217ff446192a16b5db9d58b055feb75af417027c00bc158eeb86fe4f040,lien vers l'original,https://substack-post-media.s3.amazonaws.com/public/images/f3546e57-2b01-430f-9f39-c6c8921aecf2_1080x705.jpeg
la-sagesse-interieure-face-au-reste,la-sagesse-interieure-face-au-reste/fb697bfd-ba33-408e-aa72-ce871c909c79_730x420.webp,54328,0aabb6b0cd1bb6fba0186819014a7a6915ea5222d2657ae75e9f2f4ed1cdcb00,déjà présent,https://substack-post-media.s3.amazonaws.com/public/images/fb697bfd-ba33-408e-aa72-ce871c909c79_730x420.webp
la-subsistance-alignee,la-subsistance-alignee/1586486d-1245-4817-81ab-b3bf8b004417_1122x1402.png,2435058,0228dad2a685ebe6527dcc2772ec72bf099ca425e8db85010c70f4c8a458f33b,déjà présent,https://substack-post-media.s3.amazonaws.com/public/images/1586486d-1245-4817-81ab-b3bf8b004417_1122x1402.png
la-subsistance-alignee,la-subsistance-alignee/2ca809f5-ce9f-44f0-9065-2c7d12e9a1ba_1122x1402.png,2975222,7f2644e73b2a7143a506d7f3f7a92313983380d384b2c2d4583e2cff43f4b52f,déjà présent,https://substack-post-media.s3.amazonaws.com/public/images/2ca809f5-ce9f-44f0-9065-2c7d12e9a1ba_1122x1402.png
la-subsistance-alignee,la-subsistance-alignee/373e46ea-6f3d-48df-ac41-846eaedaaab2_1086x1448.png,2540983,ff867be814e9541aec90466d7486795ce14f6d5c1c8fa1b800803b60d94c7686,déjà présent,https://substack-post-media.s3.amazonaws.com/public/images/373e46ea-6f3d-48df-ac41-846eaedaaab2_1086x1448.png
la-subsistance-alignee,la-subsistance-alignee/4e2eccac-3c96-4dad-b7eb-4606170cd1f6_1060x1484.png,2444178,6bd5b6bcb4677282090762093aca39881de6cc64f7315003c8329896dba4fe65,déjà présent,https://substack-post-media.s3.amazonaws.com/public/images/4e2eccac-3c96-4dad-b7eb-4606170cd1f6_1060x1484.png
la-subsistance-alignee,la-subsistance-alignee/5b9d2ea5-c82f-48b3-a6e7-a73f1e778fd9_1086x1448.png,2294633,3f184b3156d537a06366840b63d0cdd01704b09be70d179c80811c3ff7381d94,déjà présent,https://substack-post-media.s3.amazonaws.com/public/images/5b9d2ea5-c82f-48b3-a6e7-a73f1e778fd9_1086x1448.png
la-subsistance-alignee,la-subsistance-alignee/61466310-972b-4b99-82b6-eee3b314d259_1122x1402.png,2837820,9183f962fcc2eb37123e07e78188573394291cf03d556705cd26cd34e992693f,déjà présent,https://substack-post-media.s3.amazonaws.com/public/images/61466310-972b-4b99-82b6-eee3b314d259_1122x1402.png
la-subsistance-alignee,la-subsistance-alignee/61edeee5-b953-4812-b93b-6e70524eddb3_1046x1503.png,2467696,d9ed030a9dade66b2de390a64d368c82f7cd3ed72fec3627892e3be37dbf4a00,déjà présent,https://substack-post-media.s3.amazonaws.com/public/images/61edeee5-b953-4812-b93b-6e70524eddb3_1046x1503.png
la-subsistance-alignee,la-subsistance-alignee/8a7b01a4-e840-4fd6-9dd3-b21cc78d2cc5_1144x1375.png,2383171,e416c7d090057959e4bbcedcea6c234e33d2a9c6cfeb42ee73b9781b837d9a3a,déjà présent,https://substack-post-media.s3.amazonaws.com/public/images/8a7b01a4-e840-4fd6-9dd3-b21cc78d2cc5_1144x1375.png
la-subsistance-alignee,la-subsistance-alignee/ccb74405-f8f0-4ed2-8db5-a91dcf3521e8_1122x1402.png,2895604,5b385f26344829adacb084fd9a4046c7566577766f2d98382c487ca3c9e4ec3f,déjà présent,https://substack-post-media.s3.amazonaws.com/public/images/ccb74405-f8f0-4ed2-8db5-a91dcf3521e8_1122x1402.png
la-subsistance-alignee,la-subsistance-alignee/e6af382e-92a6-4e96-8b2b-ff695ac99539_1983x793.png,2587276,63f25629dcdf2c4fd896b90a8dea8045679a0fbe3ae154452b985168bb815715,déjà présent,https://substack-post-media.s3.amazonaws.com/public/images/e6af382e-92a6-4e96-8b2b-ff695ac99539_1983x793.png
la-subsistance-alignee,la-subsistance-alignee/f46ca84f-fd74-4393-8536-44ab716c708b_1122x1402.png,2378455,af47479bf95e4eaf80aec4a60021ab853d53a08d67df5a02c9722f62e8dd7dc1,déjà présent,https://substack-post-media.s3.amazonaws.com/public/images/f46ca84f-fd74-4393-8536-44ab716c708b_1122x1402.png
la-subsistance-alignee,la-subsistance-alignee/fe06804d-d900-4708-834b-f3ce8b7b76cc_1983x793.png,2587276,63f25629dcdf2c4fd896b90a8dea8045679a0fbe3ae154452b985168bb815715,lien vers l'original,https://substack-post-media.s3.amazonaws.com/public/images/fe06804d-d900-4708-834b-f3ce8b7b76cc_1983x793.png
la-theorie-de-lhomme-vertical-et,la-theorie-de-lhomme-vertical-et/d8cb8633-e6e4-4193-aca1-fe3d84c504ec_1080x705.jpeg,176743,85b66217ff446192a16b5db9d58b055feb75af417027c00bc158eeb86fe4f040,déjà présent,https://substack-post-media.s3.amazonaws.com/public/images/d8cb8633-e6e4-4193-aca1-fe3d84c504ec_1080x705.jpeg
lalterite,lalterite/113a62d9-0202-4a1d-8b02-2781db61fcd2_1586x992.png,2577929,35b159a26aa24fdb7c0b651074dfb3a7cac7bd953ee3628a8c4cae3712bf14f2,déjà présent,https://substack-post-media.s3.amazonaws.com/public/images/113a62d9-0202-4a1d-8b02-2781db61fcd2_1586x992.png
lalterite,lalterite/24e6be23-d9f7-43fa-b986-541c3f1380be_1054x1492.png,2653088,595305abffaec4f2d511800d1165a5fded0d722dbfdae8a03bed108c19aa5112,déjà présent,https://substack-post-media.s3.amazonaws.com/public/images/24e6be23-d9f7-43fa-b986-541c3f1380be_1054x1492.png
lalterite,lalterite/9011f8d6-b2a7-4d87-9ee2-8489d2ee7593_1024x1024.png,1916918,8bcce1283e91b780597b5ed2a2226fc8c3f8df3f18986c7788d5bb2f6c36734b,déjà présent,https://substack-post-media.s3.amazonaws.com/public/images/9011f8d6-b2a7-4d87-9ee2-8489d2ee7593_1024x1024.png
lalterite,lalterite/c0080837-f0b4-434f-8228-1e81ed5f646a_1054x1492.png,2779367,d7cee8e56b523f7ec7c3cd813919973e7865e47fdd69df286446c0c832e9a494,déjà présent,https://substack-post-media.s3.amazonaws.com/public/images/c0080837-f0b4-434f-8228-1e81ed5f646a_1054x1492.png
larchitecte-de-verite,larchitecte-de-verite/0d1afeb7-3ff7-4cc7-8feb-ac4c66021d3a_1942x809.png,2410731,f153b1baec9a623d5a4c23aa9a111d18c2bede1a74e68ea0f6d5149c95134301,déjà présent,https://substack-post-media.s3.amazonaws.com/public/images/0d1afeb7-3ff7-4cc7-8feb-ac4c66021d3a_1942x809.png
larchitecte-de-verite,larchitecte-de-verite/437247f0-a187-47e1-85ba-3d70c2769884_1085x1450.png,2493155,5d412dfea1ca58bf13a1dded267126d47ac843dff5effea941afa186ca45f72f,déjà présent,https://substack-post-media.s3.amazonaws.com/public/images/437247f0-a187-47e1-85ba-3d70c2769884_1085x1450.png
larchitecte-de-verite,larchitecte-de-verite/54c31a18-7e5e-42ed-92d8-d89055974b20_1942x809.png,2922164,6e408764bcf453f5574ccdc63c25f0c605dbb4ba5ab9a4420dda435608db5e41,déjà présent,https://substack-post-media.s3.amazonaws.com/public/images/54c31a18-7e5e-42ed-92d8-d89055974b20_1942x809.png
larchitecte-de-verite,larchitecte-de-verite/61b848f7-13af-4a28-9bd8-f8c037caddc6_1083x1452.png,2390131,edcd46866771bd6bb0aa9820bc9b67d0ffb5ee521646c2072669d68faf7c7eff,déjà présent,https://substack-post-media.s3.amazonaws.com/public/images/61b848f7-13af-4a28-9bd8-f8c037caddc6_1083x1452.png
larchitecte-de-verite,larchitecte-de-verite/7e901610-9490-48c1-baf6-f0ec71e18dbb_1942x809.png,2660503,5e9adb244578eb53a75aeb6a359a54c6327906460d4d42b64671dc8481339b3d,déjà présent,https://substack-post-media.s3.amazonaws.com/public/images/7e901610-9490-48c1-baf6-f0ec71e18dbb_1942x809.png
larchitecte-de-verite,larchitecte-de-verite/95e53975-3c1c-4d7e-bb3b-7aa4f739b11c_1086x1448.png,2550901,8cf19722b792c2a6670a7bb0981e879875990f0ce53fb529ed00f77bb8889694,déjà présent,https://substack-post-media.s3.amazonaws.com/public/images/95e53975-3c1c-4d7e-bb3b-7aa4f739b11c_1086x1448.png
larchitecte-de-verite,larchitecte-de-verite/bbe3af7f-2c9e-4dfb-848a-7896e9eee285_1942x809.png,2513817,bd25ad3711d27b7484ef7c1605abd650d93f2b05639327a51da98dcee11c03aa,déjà présent,https://substack-post-media.s3.amazonaws.com/public/images/bbe3af7f-2c9e-4dfb-848a-7896e9eee285_1942x809.png
larchitecte-de-verite,larchitecte-de-verite/c5e827ee-31f8-4a90-9289-79fc4f0484c3_1085x1450.png,2345938,8faf4dfaf4dd0cd6ffdb07637836c2027b8effa0a2d16a46b8deb29935cd6df1,déjà présent,https://substack-post-media.s3.amazonaws.com/public/images/c5e827ee-31f8-4a90-9289-79fc4f0484c3_1085x1450.png
larchitecte-de-verite,larchitecte-de-verite/cfcb3120-a95f-4483-8711-312f21120284_1942x809.png,2776740,dc614ffc5152938fd1d40199de801aeb4952e1c06a15082e16153f6edd7b7fa8,déjà présent,https://substack-post-media.s3.amazonaws.com/public/images/cfcb3120-a95f-4483-8711-312f21120284_1942x809.png
larchitecte-de-verite,larchitecte-de-verite/dd094e94-9a02-4501-980d-18d3b3091d92_1054x1492.png,2702607,05be4c3ca243f99684fd120e6394a2b9fef1d81c7a29fc6ca3bb39669be896e7,déjà présent,https://substack-post-media.s3.amazonaws.com/public/images/dd094e94-9a02-4501-980d-18d3b3091d92_1054x1492.png
larchitecte-de-verite,larchitecte-de-verite/fe06804d-d900-4708-834b-f3ce8b7b76cc_1983x793.png,2587276,63f25629dcdf2c4fd896b90a8dea8045679a0fbe3ae154452b985168bb815715,lien vers l'original,https://substack-post-media.s3.amazonaws.com/public/images/fe06804d-d900-4708-834b-f3ce8b7b76cc_1983x793.png
larchitecte-du-lien,larchitecte-du-lien/007425dc-eafd-4f35-9b88-d551e222869e_1942x809.png,2922164,6e408764bcf453f5574ccdc63c25f0c605dbb4ba5ab9a4420dda435608db5e41,lien vers l'original,https://substack-post-media.s3.amazonaws.com/public/images/007425dc-eafd-4f35-9b88-d551e222869e_1942x809.png
larchitecte-du-lien,larchitecte-du-lien/02989640-7582-42d5-a779-c0612af2450d_1942x809.png,2660503,5e9adb244578eb53a75aeb6a359a54c6327906460d4d42b64671dc8481339b3d,lien vers l'original,https://substack-post-media.s3.amazonaws.com/public/images/02989640-7582-42d5-a779-c0612af2450d_1942x809.png
larchitecte-du-lien,larchitecte-du-lien/07c41f15-278d-482c-afd0-8e24265add6f_1024x1536.png,2904096,71e11b3b4c11bd32ab3e608bd457a97f90c8aed5cda1a57c85c4d88263d45528,déjà présent,https://substack-post-media.s3.amazonaws.com/public/images/07c41f15-278d-482c-afd0-8e24265add6f_1024x1536.png
larchitecte-du-lien,larchitecte-du-lien/0c22b7ef-4825-434d-afc7-9b241801d692_1024x1536.png,2970803,79823f83cef14aa8a2c6d6c888426ff44cb0cf2fe743d7801ae7016f990c84ab,déjà présent,https://substack-post-media.s3.amazonaws.com/public/images/0c22b7ef-4825-434d-afc7-9b241801d692_1024x1536.png
larchitecte-du-lien,larchitecte-du-lien/1c0d6522-3462-4d9d-832f-14532f9a4a74_1624x969.png,2672536,fd817a4209d1100050d5eaa22f33aaf23a93417da4f92f5ea348ed209517dc39,lien vers l'original,https://substack-post-media.s3.amazonaws.com/public/images/1c0d6522-3462-4d9d-832f-14532f9a4a74_1624x969.png
larchitecte-du-lien,larchitecte-du-lien/20ca0661-06f8-47ac-b1dc-1cf03ed2fdde_1942x809.png,2410731,f153b1baec9a623d5a4c23aa9a111d18c2bede1a74e68ea0f6d5149c95134301,déjà présent,https://substack-post-media.s3.amazonaws.com/public/images/20ca0661-06f8-47ac-b1dc-1cf03ed2fdde_1942x809.png
larchitecte-du-lien,larchitecte-du-lien/3db19133-a324-40b4-a0eb-b8f4e8357656_1942x809.png,2776740,dc614ffc5152938fd1d40199de801aeb4952e1c06a15082e16153f6edd7b7fa8,lien vers l'original,https://substack-post-media.s3.amazonaws.com/public/images/3db19133-a324-40b4-a0eb-b8f4e8357656_1942x809.png
larchitecte-du-lien,larchitecte-du-lien/5f114c9b-496a-43ed-adfb-74a11c434ffc_1942x809.png,2513817,bd25ad3711d27b7484ef7c1605abd650d93f2b05639327a51da98dcee11c03aa,lien vers l'original,https://substack-post-media.s3.amazonaws.com/public/images/5f114c9b-496a-43ed-adfb-74a11c434ffc_1942x809.png
larchitecte-du-lien,larchitecte-du-lien/70508d5b-d16f-4f30-9911-578ac02a8e7d_1023x1537.png,2970885,8a6711aef9686ed3aecb910b4a31216adf968c35293c69c2499884eb43f4c4ee,déjà présent,https://substack-post-media.s3.amazonaws.com/public/images/70508d5b-d16f-4f30-9911-578ac02a8e7d_1023x1537.png
larchitecte-du-lien,larchitecte-du-lien/dc7d22f5-0b6f-4dbb-a6bd-aa83ff29c3b7_1023x1537.png,2643580,ce839ee26c71cef73f17458bedddabe91e722a83f5c77b36017d0eec705c1a3d,déjà présent,https://substack-post-media.s3.amazonaws.com/public/images/dc7d22f5-0b6f-4dbb-a6bd-aa83ff29c3b7_1023x1537.png
larchitecte-du-lien,larchitecte-du-lien/e44b1294-39f9-43ad-b41a-d58192f1270f_1983x793.png,2587276,63f25629dcdf2c4fd896b90a8dea8045679a0fbe3ae154452b985168bb815715,déjà présent,https://substack-post-media.s3.amazonaws.com/public/images/e44b1294-39f9-43ad-b41a-d58192f1270f_1983x793.png
larchitecte-du-lien,larchitecte-du-lien/eaf37545-015f-4bc4-b152-5a135aeb3a57_1080x1456.png,2351663,a2dc052a02f4a037116d8ec10ce6282b8b468a8f2b801bee0c6e6db1b2f8b966,déjà présent,https://substack-post-media.s3.amazonaws.com/public/images/eaf37545-015f-4bc4-b152-5a135aeb3a57_1080x1456.png
larchitecte-du-lien,larchitecte-du-lien/fdc4193f-7fc9-4a3a-a9a7-88349227f4bc_1023x1537.png,2736280,c8aae51644edac37b6c4ca2d0729b266328996aee41a333eff575b608ae0686e,déjà présent,https://substack-post-media.s3.amazonaws.com/public/images/fdc4193f-7fc9-4a3a-a9a7-88349227f4bc_1023x1537.png
le-chromato-symbolique-vs-le-semanto,le-chromato-symbolique-vs-le-semanto/232470a9-2a53-4d41-9603-e3ffd469ebe6_1080x705.jpeg,176743,85b66217ff446192a16b5db9d58b055feb75af417027c00bc158eeb86fe4f040,déjà présent,https://substack-post-media.s3.amazonaws.com/public/images/232470a9-2a53-4d41-9603-e3ffd469ebe6_1080x705.jpeg
le-chromato-symbolique-vs-le-semanto,le-chromato-symbolique-vs-le-semanto/7f47ef2a-f50b-4d0f-839b-0e4e1b810975_1009x1245.jpeg,809457,38d7ad8d66834975ef124a8e16ac583c2c65cbe994f6be82187f9f270e7a62c4,déjà présent,https://substack-post-media.s3.amazonaws.com/public/images/7f47ef2a-f50b-4d0f-839b-0e4e1b810975_1009x1245.jpeg
le-chromato-symbolique-vs-le-semanto,le-chromato-symbolique-vs-le-semanto/e3f89d85-58d2-409b-b4e0-09df437288cd_998x1238.jpeg,988713,1cbb9eae2fdec7538251668fdfafd1433b68e9f103005601b661ddf647460d07,déjà présent,https://substack-post-media.s3.amazonaws.com/public/images/e3f89d85-58d2-409b-b4e0-09df437288cd_998x1238.jpeg
le-chromato-symbolique-vs-le-semanto,le-chromato-symbolique-vs-le-semanto/ec4b6418-dbbd-46d9-b64e-575654801a11_987x1238.jpeg,774979,d5005ef6fdf93662f79792b314dc7e54f6d33280250c5f42d9845f205a558da6,déjà présent,https://substack-post-media.s3.amazonaws.com/public/images/ec4b6418-dbbd-46d9-b64e-575654801a11_987x1238.jpeg
le-combat-interieur-friction-feconde,le-combat-interieur-friction-feconde/1fc26057-8449-4cac-8898-2605b27ede59_626x626.jpeg,69045,ad78aab3a5056a104d0959f95843e8137480f4574e58ba2eea4c1e0b726a2033,déjà présent,https://substack-post-media.s3.amazonaws.com/public/images/1fc26057-8449-4cac-8898-2605b27ede59_626x626.jpeg
le-combat-interieur-friction-feconde,le-combat-interieur-friction-feconde/3f68da21-8d84-48e9-b369-e10207d71c61_1080x705.jpeg,112042,a9751ec06626d14b6b3c46562025aac3bde9aebeef1c8008edd910ec21caa7ed,lien vers l'original,https://substack-post-media.s3.amazonaws.com/public/images/3f68da21-8d84-48e9-b369-e10207d71c61_1080x705.jpeg
le-combat-interieur-friction-feconde,le-combat-interieur-friction-feconde/7a9bd90d-f150-4363-adc2-ee44a0b84025_750x724.jpeg,76788,f4e0cd5e2be720e90c3e9f03b0e06b4b600e6a80ab67f7e6a6cacf0cf2413e0e,déjà présent,https://substack-post-media.s3.amazonaws.com/public/images/7a9bd90d-f150-4363-adc2-ee44a0b84025_750x724.jpeg
le-combat-interieur-friction-feconde,le-combat-interieur-friction-feconde/d43ea424-e8cc-430b-9e0b-92b22027b77a_447x447.png,7924,d903509fbb991ae6f799bd21badab13e2684217600b91ca6491008884c77e7e6,déjà présent,https://substack-post-media.s3.amazonaws.com/public/images/d43ea424-e8cc-430b-9e0b-92b22027b77a_447x447.png
le-combat-interieur-friction-feconde,le-combat-interieur-friction-feconde/e8822c8f-013b-4d02-9a23-76acc4754a81_989x1237.jpeg,879250,8a460871de71afa2319465997b307328100e7fa80dcb152aa911da3eb4c6c692,déjà présent,https://substack-post-media.s3.amazonaws.com/public/images/e8822c8f-013b-4d02-9a23-76acc4754a81_989x1237.jpeg
le-demon-interieur,le-demon-interieur/1b96e675-201b-42fe-99d9-8898e80b93ea_987x1233.jpeg,746848,054c427db129a7fe4f89b2ae325f4ab4c53b6c4998ea1632d69797983ec1916c,déjà présent,https://substack-post-media.s3.amazonaws.com/public/images/1b96e675-201b-42fe-99d9-8898e80b93ea_987x1233.jpeg
le-demon-interieur,le-demon-interieur/9b878e5f-a354-4dbd-a433-d71ec5c77ba2_1080x705.jpeg,112042,a9751ec06626d14b6b3c46562025aac3bde9aebeef1c8008edd910ec21caa7ed,déjà présent,https://substack-post-media.s3.amazonaws.com/public/images/9b878e5f-a354-4dbd-a433-d71ec5c77ba2_1080x705.jpeg
le-feminin-matriciel,le-feminin-matriciel/5b2e27c1-34c5-467a-9a27-3f857195ec8e_1122x1402.png,2824528,952907014cd7b30434a342395ea79244827309f3cb9d979a994cbd0fb6e75eaf,lien vers l'original,https://substack-post-media.s3.amazonaws.com/public/images/5b2e27c1-34c5-467a-9a27-3f857195ec8e_1122x1402.png
le-feminin-matriciel,le-feminin-matriciel/6e062323-5872-48be-84d0-600d18d32715_1047x1501.png,2968621,7a4b1286f5f572d3da5dcaf0d82d0e3d4e6672298508e68be73b316fae6e08dc,lien vers l'original,https://substack-post-media.s3.amazonaws.com/public/images/6e062323-5872-48be-84d0-600d18d32715_1047x1501.png
le-feminin-matriciel,le-feminin-matriciel/874be269-ea15-4eec-b90a-665f331bf2e5_1024x1536.png,762909,6df2350089263026fe5713be2b7c2572fe4286fb31cf1ab46ddab63d4c82d804,déjà présent,https://substack-post-media.s3.amazonaws.com/public/images/874be269-ea15-4eec-b90a-665f331bf2e5_1024x1536.png
le-feminin-matriciel,le-feminin-matriciel/a8e3bcf7-6ee8-450e-8329-d3715e9fd394_1055x1491.png,3066248,1e9cf8cdeb2d4303e365526e67e5a8ead1cfb6f17074554f8043ad1b0fb30fb8,lien vers l'original,https://substack-post-media.s3.amazonaws.com/public/images/a8e3bcf7-6ee8-450e-8329-d3715e9fd394_1055x1491.png
le-feminin-matriciel,le-feminin-matriciel/bd090f50-b50d-4844-a63b-26f047da73d3_1122x1402.png,2830652,d70c077537dd15bbe0e302e09c604086d74f415e3ba5be4f87c15d53b8f766bb,lien vers l'original,https://substack-post-media.s3.amazonaws.com/public/images/bd090f50-b50d-4844-a63b-26f047da73d3_1122x1402.png
le-feminin-matriciel,le-feminin-matriciel/c7165632-0f14-489a-8cda-7ea5bdb473cd_1123x1401.png,3002106,9e067b579d914dede60d557481cef6f6845558f26ef1353619c9b8e66f693fda,lien vers l'original,https://substack-post-media.s3.amazonaws.com/public/images/c7165632-0f14-489a-8cda-7ea5bdb473cd_1123x1401.png
le-feminin-matriciel,le-feminin-matriciel/cd361a96-4c29-46c3-a1b4-33c592b6169d_1122x1402.png,2650925,f945768f4cd0f43069f05abf9172a5783573052d9dc33b12654d385cbf3cd6ad,lien vers l'original,https://substack-post-media.s3.amazonaws.com/public/images/cd361a96-4c29-46c3-a1b4-33c592b6169d_1122x1402.png
le-heroisme-interieur-face-a-la-precarite,le-heroisme-interieur-face-a-la-precarite/293dd1c8-7f28-41dc-9bbd-96f9efa1ff24_987x1236.jpeg,819349,00d84299f50ad62c0dbb58b53557611d111b9d2b6ddc3bb667c2302615b2518c,déjà présent,https://substack-post-media.s3.amazonaws.com/public/images/293dd1c8-7f28-41dc-9bbd-96f9efa1ff24_987x1236.jpeg
le-heroisme-interieur-face-a-la-precarite,le-heroisme-interieur-face-a-la-precarite/4bc48526-c179-4fe6-8f3c-8f4a012f0beb_551x760.jpeg,85291,d80f305189a37b20a27431779faf48dcf41e4e863770b412dcd7d459b5d21e8c,déjà présent,https://substack-post-media.s3.amazonaws.com/public/images/4bc48526-c179-4fe6-8f3c-8f4a012f0beb_551x760.jpeg
le-heroisme-interieur-face-a-la-precarite,le-heroisme-interieur-face-a-la-precarite/7ce007e8-9218-452f-a99a-bac49d97688e_640x799.jpeg,47805,6ed2da6f7ddfb655d03900d55bff762c82b22d084ef03a889af89f667a322faf,déjà présent,https://substack-post-media.s3.amazonaws.com/public/images/7ce007e8-9218-452f-a99a-bac49d97688e_640x799.jpeg
le-heroisme-interieur-face-a-la-precarite,le-heroisme-interieur-face-a-la-precarite/bf7f9681-2803-4426-9f6e-78f4b9ea4759_1333x2000.webp,592422,56a54a699ebb168eda1ba0cb0bb6a654e73a6aa28958e83d2e805056cceac1eb,déjà présent,https://substack-post-media.s3.amazonaws.com/public/images/bf7f9681-2803-4426-9f6e-78f4b9ea4759_1333x2000.webp
le-heroisme-interieur-face-a-la-precarite,le-heroisme-interieur-face-a-la-precarite/c6bcfd82-4604-4d53-be85-dd72aaeded52_1080x1210.jpeg,583995,2437fac232b6ac9ae60e541ec4d63acb433b387c78d543c1495c93938138c2e9,déjà présent,https://substack-post-media.s3.amazonaws.com/public/images/c6bcfd82-4604-4d53-be85-dd72aaeded52_1080x1210.jpeg
le-heroisme-interieur-face-a-la-precarite,le-heroisme-interieur-face-a-la-precarite/c7e8c02a-8781-42bf-9998-00887e4cb78f_994x1236.jpeg,290638,8217d19dee452d9b6ffc2d7b12906b46bc74456ff77750490b6743b66f45c74b,déjà présent,https://substack-post-media.s3.amazonaws.com/public/images/c7e8c02a-8781-42bf-9998-00887e4cb78f_994x1236.jpeg
le-heroisme-interieur-face-a-la-precarite,le-heroisme-interieur-face-a-la-precarite/f3546e57-2b01-430f-9f39-c6c8921aecf2_1080x705.jpeg,176743,85b66217ff446192a16b5db9d58b055feb75af417027c00bc158eeb86fe4f040,lien vers l'original,https://substack-post-media.s3.amazonaws.com/public/images/f3546e57-2b01-430f-9f39-c6c8921aecf2_1080x705.jpeg
le-heros-interieur,le-heros-interieur/3f68da21-8d84-48e9-b369-e10207d71c61_1080x705.jpeg,112042,a9751ec06626d14b6b3c46562025aac3bde9aebeef1c8008edd910ec21caa7ed,déjà présent,https://substack-post-media.s3.amazonaws.com/public/images/3f68da21-8d84-48e9-b369-e10207d71c61_1080x705.jpeg
le-heros-interieur,le-heros-interieur/54f78a51-accb-414f-9f54-04c6d8a23e74_977x1218.jpeg,480574,726587d8e2b479c8fc082f92548dad6196116936566a76eb98ced42779a2e716,déjà présent,https://substack-post-media.s3.amazonaws.com/public/images/54f78a51-accb-414f-9f54-04c6d8a23e74_977x1218.jpeg
le-heros-interieur,le-heros-interieur/e3344b5c-8987-4777-bf06-2e37db60a90c_983x1226.jpeg,727338,0280fa3ca36fcf66f17f95e2843487dbdf6aadaf30328bdea926100e6465c223,déjà présent,https://substack-post-media.s3.amazonaws.com/public/images/e3344b5c-8987-4777-bf06-2e37db60a90c_983x1226.jpeg
le-juge-interieur,le-juge-interieur/3a43f358-d69b-487b-ac67-4cf9e77f1cd1_1080x705.jpeg,176743,85b66217ff446192a16b5db9d58b055feb75af417027c00bc158eeb86fe4f040,déjà présent,https://substack-post-media.s3.amazonaws.com/public/images/3a43f358-d69b-487b-ac67-4cf9e77f1cd1_1080x705.jpeg
le-juge-interieur,le-juge-interieur/8f75d1f9-9931-480b-b869-48a9badf1786_990x1233.jpeg,768106,efa308fc3ba853933d3e4148eff66f727fdd0de14a220d77a2416a1bc66844c6,déjà présent,https://substack-post-media.s3.amazonaws.com/public/images/8f75d1f9-9931-480b-b869-48a9badf1786_990x1233.jpeg
le-liminal,le-liminal/38c052c7-958f-4034-9a97-eb8866d39ff4_1074x1464.png,3007278,43007764dce908086b065fb1f87a5d53e1668d934b018ae8fed8701a5ebd1e95,déjà présent,https://substack-post-media.s3.amazonaws.com/public/images/38c052c7-958f-4034-9a97-eb8866d39ff4_1074x1464.png
le-liminal,le-liminal/6543f8b7-5d6e-460c-9696-7fc534f85ef9_1792x878.png,2574866,2e5bd6c1fd3960339c56cddf3606f99fa54c9210f1403ffb0882857cb3f10a4c,déjà présent,https://substack-post-media.s3.amazonaws.com/public/images/6543f8b7-5d6e-460c-9696-7fc534f85ef9_1792x878.png
le-liminal,le-liminal/8dc674ad-80dd-4e3a-a6b7-4892a6b22d13_1023x1537.png,3211916,82d01de3d1faa539ecf88d0e4ef7615da9339cc751ca75a556c5cba7cbff791d,déjà présent,https://substack-post-media.s3.amazonaws.com/public/images/8dc674ad-80dd-4e3a-a6b7-4892a6b22d13_1023x1537.png
le-liminal,le-liminal/9b975fdd-a925-48db-941b-57cd035166a0_1055x1491.png,2808362,b89f106736bda7dc0eab4adc85ee09f9845a8df967bf0b3547e4d0e8d4f9cc0e,déjà présent,https://substack-post-media.s3.amazonaws.com/public/images/9b975fdd-a925-48db-941b-57cd035166a0_1055x1491.png
le-liminal,le-liminal/ad04bfab-be95-4bb1-8921-e74a6cb35e7e_1024x1536.png,3284469,a9622fd3b41d2bfc75b84f0a28229aaf7b75ccc6c140bb55f2fde47a9ed125b4,déjà présent,https://substack-post-media.s3.amazonaws.com/public/images/ad04bfab-be95-4bb1-8921-e74a6cb35e7e_1024x1536.png
le-liminal,le-liminal/be76c00c-a4a4-43b1-afeb-222778b368ea_843x843.png,471339,755b01aad439d2e7e25907aad676106ecade8e317f086982d352c3c622b1b19a,déjà présent,https://substack-post-media.s3.amazonaws.com/public/images/be76c00c-a4a4-43b1-afeb-222778b368ea_843x843.png
le-liminal,le-liminal/ead35be1-cc36-49fa-b51e-61e15abfe374_1054x1492.png,3047720,2b071f3e7cfe1e3035151e8cc2f95a2ea48c559169181ef0171ade974da14099,déjà présent,https://substack-post-media.s3.amazonaws.com/public/images/ead35be1-cc36-49fa-b51e-61e15abfe374_1054x1492.png
le-metacadre-comment-neutraliser,le-metacadre-comment-neutraliser/1e6dd595-f5bc-4ff2-a66f-9e2b036300c3_1536x1024.png,2765029,41d2eaf7fb96fdb36b9e2507da9d5edf0ac2adc99d323e6d08e5d81c66b6d8e5,déjà présent,https://substack-post-media.s3.amazonaws.com/public/images/1e6dd595-f5bc-4ff2-a66f-9e2b036300c3_1536x1024.png
le-metacadre-comment-neutraliser,le-metacadre-comment-neutraliser/24f5d533-200c-4e24-9132-e9e61a8c2f76_1263x1246.png,2477405,4544c6b90f277d3cf28a627bf784c9db6d9503df576f94c395368edbb052b07c,déjà présent,https://substack-post-media.s3.amazonaws.com/public/images/24f5d533-200c-4e24-9132-e9e61a8c2f76_1263x1246.png
le-metacadre-comment-neutraliser,le-metacadre-comment-neutraliser/3f68da21-8d84-48e9-b369-e10207d71c61_1080x705.jpeg,112042,a9751ec06626d14b6b3c46562025aac3bde9aebeef1c8008edd910ec21caa7ed,lien vers l'original,https://substack-post-media.s3.amazonaws.com/public/images/3f68da21-8d84-48e9-b369-e10207d71c61_1080x705.jpeg
le-metacadre-comment-neutraliser,le-metacadre-comment-neutraliser/eec158da-b58a-4dfb-9680-d839bd79d2c0_1536x1024.png,3168875,45c36e1461102a02886925a7805b69195dae6c4cc99bc1e7557ac312aa33d9e9,déjà présent,https://substack-post-media.s3.amazonaws.com/public/images/eec158da-b58a-4dfb-9680-d839bd79d2c0_1536x1024.png
le-metacadre-comment-neutraliser,le-metacadre-comment-neutraliser/efc5cd82-de3f-4d05-bd0f-e35b8a0d5dd4_984x1233.jpeg,832901,bf6008dbdf2a729d2768636fe7a5818cf0ee789c6a62b82b8209df82e0996214,déjà présent,https://substack-post-media.s3.amazonaws.com/public/images/efc5cd82-de3f-4d05-bd0f-e35b8a0d5dd4_984x1233.jpeg
le-potentiel-latent,le-potentiel-latent/751522ec-7086-4d28-8d2e-6e59afc853b4_1080x705.jpeg,176743,85b66217ff446192a16b5db9d58b055feb75af417027c00bc158eeb86fe4f040,déjà présent,https://substack-post-media.s3.amazonaws.com/public/images/751522ec-7086-4d28-8d2e-6e59afc853b4_1080x705.jpeg
le-sage-interieur,le-sage-interieur/0126d38a-9611-4a00-a5f7-520d15ee07eb_1080x648.jpeg,351165,a09420d56b5364fae25d684d8bd279e98910f2d87102e5a8fd3c1674aaa64e60,déjà présent,https://substack-post-media.s3.amazonaws.com/public/images/0126d38a-9611-4a00-a5f7-520d15ee07eb_1080x648.jpeg
le-sage-interieur,le-sage-interieur/20a03843-dc18-4604-a268-2d7f32e8b45e_992x1230.jpeg,734070,639ec55a6e1a0a1d3a5391a8cdf5585260089b832fd2d8dcd0ae1a3b092c48d0,déjà présent,https://substack-post-media.s3.amazonaws.com/public/images/20a03843-dc18-4604-a268-2d7f32e8b45e_992x1230.jpeg
le-sage-interieur,le-sage-interieur/eb2d541d-554f-4115-9bcc-616a9f352f7c_1080x705.jpeg,112042,a9751ec06626d14b6b3c46562025aac3bde9aebeef1c8008edd910ec21caa7ed,déjà présent,https://substack-post-media.s3.amazonaws.com/public/images/eb2d541d-554f-4115-9bcc-616a9f352f7c_1080x705.jpeg
le-silence-habite,le-silence-habite/062902e1-b420-4d2b-847a-81d1d9f113e2_1023x1537.png,2341725,fd54fdb3f55556b2e9eeec1b1692d6d76b045389e88a25cc0b83a3ceb58da74b,déjà présent,https://substack-post-media.s3.amazonaws.com/public/images/062902e1-b420-4d2b-847a-81d1d9f113e2_1023x1537.png
le-silence-habite,le-silence-habite/324202f9-7f68-4594-9af0-a5d39812ee5d_1024x1536.png,2322496,4a07bf5a2a631f852ae387261a23b7f8b7a1697a125501bc033aea468eff853a,déjà présent,https://substack-post-media.s3.amazonaws.com/public/images/324202f9-7f68-4594-9af0-a5d39812ee5d_1024x1536.png
le-silence-habite,le-silence-habite/51c7ee57-51fd-469b-a6e1-71e310580865_1023x1537.png,2417399,052c54ade82cbae34b4a643deb8b8a18886757f130a351bc37a7afff83471c0b,déjà présent,https://substack-post-media.s3.amazonaws.com/public/images/51c7ee57-51fd-469b-a6e1-71e310580865_1023x1537.png
le-silence-habite,le-silence-habite/6ab5609f-5ce1-4c96-8dfd-6a018de85642_1023x1537.png,2219751,35ac3046ef6a494cc9eb64fcdf4d37445d7d39cd562695e8d3423d5e635c2857,déjà présent,https://substack-post-media.s3.amazonaws.com/public/images/6ab5609f-5ce1-4c96-8dfd-6a018de85642_1023x1537.png
le-silence-habite,le-silence-habite/7e2cc492-6b15-470f-a88d-d6283e3b92a5_1086x1448.png,1933193,a2d4c243a45202dd2ae05fed20763ea634dfb3ab82fe6d01d3e481b24fdc037f,déjà présent,https://substack-post-media.s3.amazonaws.com/public/images/7e2cc492-6b15-470f-a88d-d6283e3b92a5_1086x1448.png
le-silence-habite,le-silence-habite/887969fa-3eaf-4035-a33a-faecc0cfc2e2_1983x793.png,2587276,63f25629dcdf2c4fd896b90a8dea8045679a0fbe3ae154452b985168bb815715,déjà présent,https://substack-post-media.s3.amazonaws.com/public/images/887969fa-3eaf-4035-a33a-faecc0cfc2e2_1983x793.png
le-silence-habite,le-silence-habite/9bb98a47-a227-4b54-a0fc-28841985355b_1024x1536.png,2847438,73ccf620011b17400413dfae598017eb058141f4a32b4f09ddb79e189f65ea57,déjà présent,https://substack-post-media.s3.amazonaws.com/public/images/9bb98a47-a227-4b54-a0fc-28841985355b_1024x1536.png
le-silence-habite,le-silence-habite/9dff3463-7bf5-4cd0-982d-ad98d75a69a7_1024x1536.png,2404396,fa1ce1bf3ae577d5d117c3d471646a37ba5a4de9eb5d201862f63d9bc9c4c5bd,déjà présent,https://substack-post-media.s3.amazonaws.com/public/images/9dff3463-7bf5-4cd0-982d-ad98d75a69a7_1024x1536.png
le-silence-habite,le-silence-habite/9edce68f-090a-4106-8078-ae39e5bd6a26_1086x1448.png,2007873,28204f91802bdc9e0abc4d5a39ee2459d5289698a3bc78784b2d4884fb42c575,déjà présent,https://substack-post-media.s3.amazonaws.com/public/images/9edce68f-090a-4106-8078-ae39e5bd6a26_1086x1448.png
le-silence-habite,le-silence-habite/d6e0bb10-21c2-4eb7-aa08-324d0c729152_1023x1537.png,2334153,55ace5fc3c02424419a64e5907068e73eaed4e8b8e7542deeb4d9a25242b2c82,déjà présent,https://substack-post-media.s3.amazonaws.com/public/images/d6e0bb10-21c2-4eb7-aa08-324d0c729152_1023x1537.png
le-silence-habite,le-silence-habite/f54f1828-bbcb-4ad4-8e09-f723d79ad39a_1086x1448.png,2006145,996cc3c9eaf075f0ee4a777ad1d3104f64d4a88f37644f1f19ef4bcc32e743ee,déjà présent,https://substack-post-media.s3.amazonaws.com/public/images/f54f1828-bbcb-4ad4-8e09-f723d79ad39a_1086x1448.png
le-silence-habite,le-silence-habite/fe06804d-d900-4708-834b-f3ce8b7b76cc_1983x793.png,2587276,63f25629dcdf2c4fd896b90a8dea8045679a0fbe3ae154452b985168bb815715,déjà présent,https://substack-post-media.s3.amazonaws.com/public/images/fe06804d-d900-4708-834b-f3ce8b7b76cc_1983x793.png
le-sphinx,le-sphinx/007425dc-eafd-4f35-9b88-d551e222869e_1942x809.png,2922164,6e408764bcf453f5574ccdc63c25f0c605dbb4ba5ab9a4420dda435608db5e41,lien vers l'original,https://substack-post-media.s3.amazonaws.com/public/images/007425dc-eafd-4f35-9b88-d551e222869e_1942x809.png
le-sphinx,le-sphinx/02989640-7582-42d5-a779-c0612af2450d_1942x809.png,2660503,5e9adb244578eb53a75aeb6a359a54c6327906460d4d42b64671dc8481339b3d,lien vers l'original,https://substack-post-media.s3.amazonaws.com/public/images/02989640-7582-42d5-a779-c0612af2450d_1942x809.png
le-sphinx,le-sphinx/1b02319a-01d4-488e-bae0-123b2cd013e6_1086x1448.png,2607580,6998e969e05e0e602154d8e16011ba39a48025b6bcfd58d10574350ab73b2dc3,déjà présent,https://substack-post-media.s3.amazonaws.com/public/images/1b02319a-01d4-488e-bae0-123b2cd013e6_1086x1448.png
le-sphinx,le-sphinx/1c0d6522-3462-4d9d-832f-14532f9a4a74_1624x969.png,2672536,fd817a4209d1100050d5eaa22f33aaf23a93417da4f92f5ea348ed209517dc39,lien vers l'original,https://substack-post-media.s3.amazonaws.com/public/images/1c0d6522-3462-4d9d-832f-14532f9a4a74_1624x969.png
le-sphinx,le-sphinx/3db19133-a324-40b4-a0eb-b8f4e8357656_1942x809.png,2776740,dc614ffc5152938fd1d40199de801aeb4952e1c06a15082e16153f6edd7b7fa8,lien vers l'original,https://substack-post-media.s3.amazonaws.com/public/images/3db19133-a324-40b4-a0eb-b8f4e8357656_1942x809.png
le-sphinx,le-sphinx/537a3509-2d50-4baf-a46b-8dbec583a078_1942x809.png,2410731,f153b1baec9a623d5a4c23aa9a111d18c2bede1a74e68ea0f6d5149c95134301,lien vers l'original,https://substack-post-media.s3.amazonaws.com/public/images/537a3509-2d50-4baf-a46b-8dbec583a078_1942x809.png
le-sphinx,le-sphinx/5f114c9b-496a-43ed-adfb-74a11c434ffc_1942x809.png,2513817,bd25ad3711d27b7484ef7c1605abd650d93f2b05639327a51da98dcee11c03aa,lien vers l'original,https://substack-post-media.s3.amazonaws.com/public/images/5f114c9b-496a-43ed-adfb-74a11c434ffc_1942x809.png
le-sphinx,le-sphinx/5f1b29ef-2ad4-42ba-94e9-01d90874a705_1024x1536.png,2795402,1cef6faa7a38c0633c0330b6793dcc406e721d92788a9175bde07da949613235,déjà présent,https://substack-post-media.s3.amazonaws.com/public/images/5f1b29ef-2ad4-42ba-94e9-01d90874a705_1024x1536.png
le-sphinx,le-sphinx/773552c4-c1c6-45bc-9809-af8b3336d67d_1983x793.png,2587276,63f25629dcdf2c4fd896b90a8dea8045679a0fbe3ae154452b985168bb815715,déjà présent,https://substack-post-media.s3.amazonaws.com/public/images/773552c4-c1c6-45bc-9809-af8b3336d67d_1983x793.png
le-sphinx,le-sphinx/acbd5f88-e9c5-461a-962f-13b2c15581c2_1024x1536.png,2472355,a3341214d15489b75054ab9a26bf8fc079a5b6263eb88bbba397561efcf5a259,déjà présent,https://substack-post-media.s3.amazonaws.com/public/images/acbd5f88-e9c5-461a-962f-13b2c15581c2_1024x1536.png
le-sphinx,le-sphinx/d6f4c9b8-4699-44c5-b368-0aec35625dc3_1024x1536.png,2632785,096e727cfb6e182d630cb33c65f11f9a10d93c6a9c1aae079a9a8ca160756bb8,déjà présent,https://substack-post-media.s3.amazonaws.com/public/images/d6f4c9b8-4699-44c5-b368-0aec35625dc3_1024x1536.png
le-sphinx,le-sphinx/d7790358-9a2f-4aef-9e45-e98e911a3705_1024x1536.png,2644716,b846031a5f3ca071e777b18eb81f8472acfc3166b583f65e21e4fe2fef437cbf,déjà présent,https://substack-post-media.s3.amazonaws.com/public/images/d7790358-9a2f-4aef-9e45-e98e911a3705_1024x1536.png
le-sphinx,le-sphinx/e546f449-74b0-4a23-8dc3-f21ab1acc3f3_1024x1536.png,2457009,ab8512aab5ba34a243c406e0a464183b24ae6ebfcc79a71a5140de70787711e5,déjà présent,https://substack-post-media.s3.amazonaws.com/public/images/e546f449-74b0-4a23-8dc3-f21ab1acc3f3_1024x1536.png
le-syndrome-de-david-contre-goliath,le-syndrome-de-david-contre-goliath/13cc7841-605a-4ad0-adb0-23288d5ffc45_1086x1448.png,2728640,cc59e26760da75942873f49f045ae1749b70a3cf6e93e8da7ff709c7599d8fb4,déjà présent,https://substack-post-media.s3.amazonaws.com/public/images/13cc7841-605a-4ad0-adb0-23288d5ffc45_1086x1448.png
le-syndrome-de-david-contre-goliath,le-syndrome-de-david-contre-goliath/1c0d6522-3462-4d9d-832f-14532f9a4a74_1624x969.png,2672536,fd817a4209d1100050d5eaa22f33aaf23a93417da4f92f5ea348ed209517dc39,lien vers l'original,https://substack-post-media.s3.amazonaws.com/public/images/1c0d6522-3462-4d9d-832f-14532f9a4a74_1624x969.png
le-syndrome-de-david-contre-goliath,le-syndrome-de-david-contre-goliath/4cf728f2-8185-42e4-ba7b-40041730edfc_1086x1448.png,2810297,21f138644ce4c6c787d6acf84867ea74028617cfe67dc3570292cea366593054,déjà présent,https://substack-post-media.s3.amazonaws.com/public/images/4cf728f2-8185-42e4-ba7b-40041730edfc_1086x1448.png
le-syndrome-de-david-contre-goliath,le-syndrome-de-david-contre-goliath/7fcf7d5e-e5d5-4247-a45d-8d9d92f1bb3c_1024x1536.png,2550549,4a8724871858ef6fd6acfaacaaf8e92d2b3627c9b831acfba7c7c2e989549257,déjà présent,https://substack-post-media.s3.amazonaws.com/public/images/7fcf7d5e-e5d5-4247-a45d-8d9d92f1bb3c_1024x1536.png
le-syndrome-de-david-contre-goliath,le-syndrome-de-david-contre-goliath/95723518-1b6a-48a3-93de-240a38624b13_1024x1536.png,2984461,fa6d7d64e7cdb7bf324ff3ce141f193125ee67a3e350d0e5a72776b0d945b37b,déjà présent,https://substack-post-media.s3.amazonaws.com/public/images/95723518-1b6a-48a3-93de-240a38624b13_1024x1536.png
le-syndrome-de-david-contre-goliath,le-syndrome-de-david-contre-goliath/b37bd4c9-f6d8-4dea-bc53-c2da4421a13d_1024x1536.png,2529888,1f438669577b20924d07b7e5299f3cd77f3da25a4dce18d8a4cf6be935ca0f91,déjà présent,https://substack-post-media.s3.amazonaws.com/public/images/b37bd4c9-f6d8-4dea-bc53-c2da4421a13d_1024x1536.png
le-syndrome-de-david-contre-goliath,le-syndrome-de-david-contre-goliath/c461ad1f-ca6f-41db-82a0-f1201c1f2997_1024x1536.png,2397659,eae780932529c6fb3ef764c52d0ea85086e5461c6b205bb189bfa6be3e3f8013,déjà présent,https://substack-post-media.s3.amazonaws.com/public/images/c461ad1f-ca6f-41db-82a0-f1201c1f2997_1024x1536.png
le-syndrome-de-david-contre-goliath,le-syndrome-de-david-contre-goliath/e44b1294-39f9-43ad-b41a-d58192f1270f_1983x793.png,2587276,63f25629dcdf2c4fd896b90a8dea8045679a0fbe3ae154452b985168bb815715,lien vers l'original,https://substack-post-media.s3.amazonaws.com/public/images/e44b1294-39f9-43ad-b41a-d58192f1270f_1983x793.png
le-syndrome-de-david-contre-goliath,le-syndrome-de-david-contre-goliath/f922b012-7804-4bca-88b0-8229c0372cec_1086x1448.png,2878077,015500ff920b57935c12640ab75b04455c47f99fccc737ea951e40078fd65fe6,déjà présent,https://substack-post-media.s3.amazonaws.com/public/images/f922b012-7804-4bca-88b0-8229c0372cec_1086x1448.png
le-verbe-vertical-and-o-verbe-axial,le-verbe-vertical-and-o-verbe-axial/3ec23b48-cfbb-48b8-849e-536f10e47941_1024x1536.png,2365257,58284307a946b9aeff9064da778a999eddd059ae1d32de8db514199ad52fd793,déjà présent,https://substack-post-media.s3.amazonaws.com/public/images/3ec23b48-cfbb-48b8-849e-536f10e47941_1024x1536.png
le-verbe-vertical-and-o-verbe-axial,le-verbe-vertical-and-o-verbe-axial/8af29673-cde3-49c7-a776-6b2f910f9686_982x1230.jpeg,709234,f42002c4ffd758372d794a2f346c2323815c4fbab8d117d079212aad58c0ab9e,lien vers l'original,https://substack-post-media.s3.amazonaws.com/public/images/8af29673-cde3-49c7-a776-6b2f910f9686_982x1230.jpeg
le-verbe-vertical-and-o-verbe-axial,le-verbe-vertical-and-o-verbe-axial/c4d53403-3d3c-494f-9b4c-0ba03fcf4ce0_779x182.jpeg,40788,e119d1b75c957b4a907a28decb7c8cb5b7b73640d094d62601bde7e453cefa52,déjà présent,https://substack-post-media.s3.amazonaws.com/public/images/c4d53403-3d3c-494f-9b4c-0ba03fcf4ce0_779x182.jpeg
le-verbe-vertical-and-o-verbe-axial,le-verbe-vertical-and-o-verbe-axial/f3546e57-2b01-430f-9f39-c6c8921aecf2_1080x705.jpeg,176743,85b66217ff446192a16b5db9d58b055feb75af417027c00bc158eeb86fe4f040,lien vers l'original,https://substack-post-media.s3.amazonaws.com/public/images/f3546e57-2b01-430f-9f39-c6c8921aecf2_1080x705.jpeg
lenfance-interieure-face-a-labandon,lenfance-interieure-face-a-labandon/1f1b9b9c-81e9-4b45-a858-fef857ddf6d4_250x395.jpeg,14738,d3648826f913b5735649e8ebab7497acb775d61461aaf57cb2c6ff86e5296809,déjà présent,https://substack-post-media.s3.amazonaws.com/public/images/1f1b9b9c-81e9-4b45-a858-fef857ddf6d4_250x395.jpeg
lenfance-interieure-face-a-labandon,lenfance-interieure-face-a-labandon/59a10d9e-5ad1-4b8a-928b-b61a7617ce70_990x1243.jpeg,439724,30b137646a14c019808cf134e50eb894c6262e145e33135ab45ad423c94486d2,déjà présent,https://substack-post-media.s3.amazonaws.com/public/images/59a10d9e-5ad1-4b8a-928b-b61a7617ce70_990x1243.jpeg
lenfance-interieure-face-a-labandon,lenfance-interieure-face-a-labandon/91dddfb0-a992-4d92-83bb-560bc62027b8_990x1230.jpeg,735802,0d31efbb1f4cbb8eb49257c9e15b00077e0f482190da8f75b962cd58092ca153,déjà présent,https://substack-post-media.s3.amazonaws.com/public/images/91dddfb0-a992-4d92-83bb-560bc62027b8_990x1230.jpeg
lenfance-interieure-face-a-labandon,lenfance-interieure-face-a-labandon/d561b44f-074e-4166-afa9-e3fd9a2f3932_960x1235.jpeg,169117,2df3aa24c8e3339d9ee94c9cdbf81a35a5def71d3e201a54f116f8208d9b5820,déjà présent,https://substack-post-media.s3.amazonaws.com/public/images/d561b44f-074e-4166-afa9-e3fd9a2f3932_960x1235.jpeg
lenfance-interieure-face-a-labandon,lenfance-interieure-face-a-labandon/da97a72e-ceb7-4ca2-8b6a-7312a1c4febd_640x640.jpeg,52286,3a979bb19d112d63d041ba3d37a6d7087d28682a53830d2f5bd4a28c2a878bae,déjà présent,https://substack-post-media.s3.amazonaws.com/public/images/da97a72e-ceb7-4ca2-8b6a-7312a1c4febd_640x640.jpeg
lenfance-interieure-face-a-labandon,lenfance-interieure-face-a-labandon/f3546e57-2b01-430f-9f39-c6c8921aecf2_1080x705.jpeg,176743,85b66217ff446192a16b5db9d58b055feb75af417027c00bc158eeb86fe4f040,lien vers l'original,https://substack-post-media.s3.amazonaws.com/public/images/f3546e57-2b01-430f-9f39-c6c8921aecf2_1080x705.jpeg
lenfance-interieure-face-a-labandon,lenfance-interieure-face-a-labandon/f8cc9d7e-c423-4ea0-a295-b15062998fc5_389x514.jpeg,16224,5200925da531f545ea3dda0dace4fd49b59e97baee5b7d52c3dd02a170ef7d17,déjà présent,https://substack-post-media.s3.amazonaws.com/public/images/f8cc9d7e-c423-4ea0-a295-b15062998fc5_389x514.jpeg
lenfance-transcendee-dans-leducation,lenfance-transcendee-dans-leducation/43f372a5-99fd-42e9-930a-d5af5691be60_984x1237.jpeg,1062442,2a9190b3a26f8fe9e9995c0281cac709fb51b4e576a204682605db60ddbff4e0,déjà présent,https://substack-post-media.s3.amazonaws.com/public/images/43f372a5-99fd-42e9-930a-d5af5691be60_984x1237.jpeg
lenfance-transcendee-dans-leducation,lenfance-transcendee-dans-leducation/47161784-869b-492e-876c-a92dd1c3b15b_1800x2400.jpeg,2092423,c1ee409643d173a45d01feaffa45063c22bd10be69fee389e917be675eff00d9,déjà présent,https://substack-post-media.s3.amazonaws.com/public/images/47161784-869b-492e-876c-a92dd1c3b15b_1800x2400.jpeg
lenfance-transcendee-dans-leducation,lenfance-transcendee-dans-leducation/a2feb733-e0bf-4234-ac7b-7cc1a07d44e9_993x1241.jpeg,419918,3cc80d7ac8b9d87f9a2849ac5e3dcd4ee9d679878136f62ada6e75a44faa6016,déjà présent,https://substack-post-media.s3.amazonaws.com/public/images/a2feb733-e0bf-4234-ac7b-7cc1a07d44e9_993x1241.jpeg
lenfance-transcendee-dans-leducation,lenfance-transcendee-dans-leducation/b6314448-654a-4f5d-8198-c14f4ad3b953_1280x720.jpeg,38626,6b4aa3d7bc16d15884f9459820322baf3281a545b0e0afdd259994ad2435e00f,déjà présent,https://substack-post-media.s3.amazonaws.com/public/images/b6314448-654a-4f5d-8198-c14f4ad3b953_1280x720.jpeg
lenfance-transcendee-dans-leducation,lenfance-transcendee-dans-leducation/c389f012-6a4e-4b24-876a-b71b4a0b9d31_1125x633.jpeg,44757,9b0220185d76c6eae8f711a32ca65de6156d98f02cf3f27d32800a9aa528f8d5,déjà présent,https://substack-post-media.s3.amazonaws.com/public/images/c389f012-6a4e-4b24-876a-b71b4a0b9d31_1125x633.jpeg
lenfance-transcendee-dans-leducation,lenfance-transcendee-dans-leducation/e49776fc-d075-492b-b130-aa14269595c2_1920x1080.jpeg,88112,6a42a1d428dc1381d8a75d615d043e2b50925e7760b92b976c5ce39f0b084793,déjà présent,https://substack-post-media.s3.amazonaws.com/public/images/e49776fc-d075-492b-b130-aa14269595c2_1920x1080.jpeg
lenfance-transcendee-dans-leducation,lenfance-transcendee-dans-leducation/f3546e57-2b01-430f-9f39-c6c8921aecf2_1080x705.jpeg,176743,85b66217ff446192a16b5db9d58b055feb75af417027c00bc158eeb86fe4f040,lien vers l'original,https://substack-post-media.s3.amazonaws.com/public/images/f3546e57-2b01-430f-9f39-c6c8921aecf2_1080x705.jpeg
lenfant-interieur,lenfant-interieur/121e31b8-83e6-4eb6-8c94-8feee28592b2_1080x705.jpeg,176743,85b66217ff446192a16b5db9d58b055feb75af417027c00bc158eeb86fe4f040,déjà présent,https://substack-post-media.s3.amazonaws.com/public/images/121e31b8-83e6-4eb6-8c94-8feee28592b2_1080x705.jpeg
lenfant-interieur,lenfant-interieur/b994ff71-3643-4875-a2f1-c63a3d2afd8a_986x1230.jpeg,662695,2cdeb2f3e9d4b101ed037ca8e5cd9aefce92104201a4fa21da8a9f1d9a6866e6,déjà présent,https://substack-post-media.s3.amazonaws.com/public/images/b994ff71-3643-4875-a2f1-c63a3d2afd8a_986x1230.jpeg
lenfant-interieur,lenfant-interieur/dd951f9e-6bae-470c-87fc-d8a39ba06ba6_986x1231.jpeg,777685,91e79323148a72a95c1b8c914fbe64dbcde41f6daa5423f3b753bb86ae26f802,déjà présent,https://substack-post-media.s3.amazonaws.com/public/images/dd951f9e-6bae-470c-87fc-d8a39ba06ba6_986x1231.jpeg
lenfant-transcende,lenfant-transcende/d72ae26b-b626-4b92-b936-15d0c137818a_1080x705.jpeg,176743,85b66217ff446192a16b5db9d58b055feb75af417027c00bc158eeb86fe4f040,déjà présent,https://substack-post-media.s3.amazonaws.com/public/images/d72ae26b-b626-4b92-b936-15d0c137818a_1080x705.jpeg
lenfant-transcende,lenfant-transcende/ef553335-cb5c-4205-ab3f-399f5f8893ee_991x1224.jpeg,755135,573761c747ce44ae0deddf7d7eec3d1587ddbf1172932d2b52d82624d5eaa03f,déjà présent,https://substack-post-media.s3.amazonaws.com/public/images/ef553335-cb5c-4205-ab3f-399f5f8893ee_991x1224.jpeg
lenfant-transcende,lenfant-transcende/ef821b9d-4185-4ecb-b557-8440f73dbaa9_988x1229.jpeg,514601,91c2199789be420a841c5bdfb16576eae32facb354f65975c37735c46bc9abf5,déjà présent,https://substack-post-media.s3.amazonaws.com/public/images/ef821b9d-4185-4ecb-b557-8440f73dbaa9_988x1229.jpeg
les-8-causes-humanitaires-une-porte,les-8-causes-humanitaires-une-porte/0929a4a7-1098-4dde-9989-e251df75df38_979x1229.jpeg,670585,de602faf79a6fde60a445f09541a3564dc0004d1cc00ea450a2a07d5483ccfed,déjà présent,https://substack-post-media.s3.amazonaws.com/public/images/0929a4a7-1098-4dde-9989-e251df75df38_979x1229.jpeg
les-8-causes-humanitaires-une-porte,les-8-causes-humanitaires-une-porte/2143e565-46bb-423f-84f1-d213737a14ae_991x1239.jpeg,499168,a51e22268786a95fc3d4b95c435b4cea809fbe445ab3b5dab4f1ecadb3bef1fb,déjà présent,https://substack-post-media.s3.amazonaws.com/public/images/2143e565-46bb-423f-84f1-d213737a14ae_991x1239.jpeg
les-8-causes-humanitaires-une-porte,les-8-causes-humanitaires-une-porte/2dcbf295-c248-4736-8060-93105d7be9d1_984x1231.jpeg,768492,3cae19c592e0d099e142858c26e6371bbd2d560b862bcd32c462eaa0355de9b5,lien vers l'original,https://substack-post-media.s3.amazonaws.com/public/images/2dcbf295-c248-4736-8060-93105d7be9d1_984x1231.jpeg
les-8-causes-humanitaires-une-porte,les-8-causes-humanitaires-une-porte/4d38e900-5d7c-4b62-b2a5-58ef4499ec6e_990x1243.jpeg,439724,30b137646a14c019808cf134e50eb894c6262e145e33135ab45ad423c94486d2,déjà présent,https://substack-post-media.s3.amazonaws.com/public/images/4d38e900-5d7c-4b62-b2a5-58ef4499ec6e_990x1243.jpeg
les-8-causes-humanitaires-une-porte,les-8-causes-humanitaires-une-porte/53258f30-6492-4b73-a6bf-95d5dd9bcf29_987x1235.jpeg,758360,d3cab1e5ac13fb5f4afcd3e96e17bd8b066dd6112bcc936742237df573ebff46,déjà présent,https://substack-post-media.s3.amazonaws.com/public/images/53258f30-6492-4b73-a6bf-95d5dd9bcf29_987x1235.jpeg
les-8-causes-humanitaires-une-porte,les-8-causes-humanitaires-une-porte/83f6e437-ae26-44cf-83e6-6966b25862f7_1080x705.jpeg,176743,85b66217ff446192a16b5db9d58b055feb75af417027c00bc158eeb86fe4f040,lien vers l'original,https://substack-post-media.s3.amazonaws.com/public/images/83f6e437-ae26-44cf-83e6-6966b25862f7_1080x705.jpeg
les-8-causes-humanitaires-une-porte,les-8-causes-humanitaires-une-porte/90987e87-9048-4938-845c-94f616b9c762_988x1229.jpeg,514601,91c2199789be420a841c5bdfb16576eae32facb354f65975c37735c46bc9abf5,déjà présent,https://substack-post-media.s3.amazonaws.com/public/images/90987e87-9048-4938-845c-94f616b9c762_988x1229.jpeg
les-8-causes-humanitaires-une-porte,les-8-causes-humanitaires-une-porte/9f5dcad9-9373-497b-b2d0-ae02574e971b_968x1236.jpeg,303792,d7b5078fe464a90caa05ea2ab0a04796a999520d1e9f750d7fc4d468d6810a09,déjà présent,https://substack-post-media.s3.amazonaws.com/public/images/9f5dcad9-9373-497b-b2d0-ae02574e971b_968x1236.jpeg
les-8-causes-humanitaires-une-porte,les-8-causes-humanitaires-une-porte/c8e48470-f849-46b7-9f29-1f1ca325e7a1_988x1229.jpeg,514601,91c2199789be420a841c5bdfb16576eae32facb354f65975c37735c46bc9abf5,déjà présent,https://substack-post-media.s3.amazonaws.com/public/images/c8e48470-f849-46b7-9f29-1f1ca325e7a1_988x1229.jpeg
les-8-causes-humanitaires-une-porte,les-8-causes-humanitaires-une-porte/c9be8ed1-42f4-4d3f-871c-86d3e7339167_994x1236.jpeg,430773,c5b410eb2a0836e44b64d67ed2fed5b834b53767a264b1861dacbe8dabdb8188,déjà présent,https://substack-post-media.s3.amazonaws.com/public/images/c9be8ed1-42f4-4d3f-871c-86d3e7339167_994x1236.jpeg
les-8-causes-humanitaires-une-porte,les-8-causes-humanitaires-une-porte/caf83421-7699-44c8-9106-106c7f7bbf4b_990x1233.jpeg,801590,271fe8d4fed876fed0f5f26f26fba9014e67b27e6840375e70b7ebdfd962f5b7,déjà présent,https://substack-post-media.s3.amazonaws.com/public/images/caf83421-7699-44c8-9106-106c7f7bbf4b_990x1233.jpeg
les-8-causes-humanitaires-une-porte,les-8-causes-humanitaires-une-porte/cb6f4b4a-71a2-4e5d-9f31-1ef89441b254_978x1235.jpeg,424200,32942b81867a65b0d28e5165104c294269d3d7dd729894b38ba5c0d84ac0a8f7,déjà présent,https://substack-post-media.s3.amazonaws.com/public/images/cb6f4b4a-71a2-4e5d-9f31-1ef89441b254_978x1235.jpeg
les-8-causes-humanitaires-une-porte,les-8-causes-humanitaires-une-porte/d26bc67e-56b6-4969-99f6-610a179e2b1b_984x1231.jpeg,507847,cd1448d40a2da04fd5e6321e75b054d88ca5f0093af930310bebf91dd5def416,déjà présent,https://substack-post-media.s3.amazonaws.com/public/images/d26bc67e-56b6-4969-99f6-610a179e2b1b_984x1231.jpeg
les-8-causes-humanitaires-une-porte,les-8-causes-humanitaires-une-porte/ecd05448-49ae-4a2d-90a3-e99137849e0c_990x1244.jpeg,451803,b276684b849769366430b137c3818106e3c5329a28598d7a68fc7d92a59d5460,déjà présent,https://substack-post-media.s3.amazonaws.com/public/images/ecd05448-49ae-4a2d-90a3-e99137849e0c_990x1244.jpeg
les-8-causes-humanitaires-une-porte,les-8-causes-humanitaires-une-porte/f540b07d-b098-4ed1-ada6-0d4811347da7_978x1240.jpeg,446643,79c44eb3cd5600ee9bda26a9bc62436fe421965a2cee022d1982bc91e34b390f,déjà présent,https://substack-post-media.s3.amazonaws.com/public/images/f540b07d-b098-4ed1-ada6-0d4811347da7_978x1240.jpeg
les-8-causes-humanitaires-une-porte,les-8-causes-humanitaires-une-porte/f70f6da2-b839-4a10-9557-4dbca98d4bc9_993x1241.jpeg,419918,3cc80d7ac8b9d87f9a2849ac5e3dcd4ee9d679878136f62ada6e75a44faa6016,déjà présent,https://substack-post-media.s3.amazonaws.com/public/images/f70f6da2-b839-4a10-9557-4dbca98d4bc9_993x1241.jpeg
les-8-valeurs-fondamentales-epiques,les-8-valeurs-fondamentales-epiques/3f68da21-8d84-48e9-b369-e10207d71c61_1080x705.jpeg,112042,a9751ec06626d14b6b3c46562025aac3bde9aebeef1c8008edd910ec21caa7ed,lien vers l'original,https://substack-post-media.s3.amazonaws.com/public/images/3f68da21-8d84-48e9-b369-e10207d71c61_1080x705.jpeg
les-8-valeurs-fondamentales-epiques,les-8-valeurs-fondamentales-epiques/55f84981-efa2-4861-bc55-ee7232573648_984x1231.jpeg,922738,70e3ab0b1baed0798c03ac48f4bead7ab9607f2210871a8fe5a0a17021dafe2d,déjà présent,https://substack-post-media.s3.amazonaws.com/public/images/55f84981-efa2-4861-bc55-ee7232573648_984x1231.jpeg
les-8-valeurs-fondamentales-epiques,les-8-valeurs-fondamentales-epiques/c02732a4-df5f-4600-9f36-6acce276f302_985x1230.jpeg,741224,ce3a5799ffb8ae07d2c6145d8aec5b918856fbbaf16f07910a4d150c55c3d8f8,déjà présent,https://substack-post-media.s3.amazonaws.com/public/images/c02732a4-df5f-4600-9f36-6acce276f302_985x1230.jpeg
les-8-valeurs-fondamentales-epiques,les-8-valeurs-fondamentales-epiques/e19c659e-f46f-4319-9dea-960b04499573_987x1228.jpeg,724142,0368d4397cd4c25101852f5714f3a371e973eff5e81b80a06f9138ce4b41219b,déjà présent,https://substack-post-media.s3.amazonaws.com/public/images/e19c659e-f46f-4319-9dea-960b04499573_987x1228.jpeg
les-8-valeurs-fondamentales-epiques,les-8-valeurs-fondamentales-epiques/e8b3520d-ed8a-4dae-b3a4-2d3d99869d58_1024x1536.jpeg,3029473,d7e00869ab53fcfd6dd17cbdaa16c0ac58d661f4459124dfc219d2f8a663faf4,déjà présent,https://substack-post-media.s3.amazonaws.com/public/images/e8b3520d-ed8a-4dae-b3a4-2d3d99869d58_1024x1536.jpeg
les-epistemies-de-soi,les-epistemies-de-soi/1c0d6522-3462-4d9d-832f-14532f9a4a74_1624x969.png,2672536,fd817a4209d1100050d5eaa22f33aaf23a93417da4f92f5ea348ed209517dc39,lien vers l'original,https://substack-post-media.s3.amazonaws.com/public/images/1c0d6522-3462-4d9d-832f-14532f9a4a74_1624x969.png
les-epistemies-de-soi,les-epistemies-de-soi/26ca5c00-07c1-43c9-87f5-047582f7631a_1055x1491.png,2771022,d9689981e9854411c73a90ff63bfebc232d4fa25fcc3c1730e1adca60cd16c45,déjà présent,https://substack-post-media.s3.amazonaws.com/public/images/26ca5c00-07c1-43c9-87f5-047582f7631a_1055x1491.png
les-epistemies-de-soi,les-epistemies-de-soi/93e4b30a-d6a9-40fb-a1bc-62abe462357e_1055x1491.png,2751742,5c9662d59048eefee293767caad717be3d8bdf0a4b8562a1729e6706f4d66d35,déjà présent,https://substack-post-media.s3.amazonaws.com/public/images/93e4b30a-d6a9-40fb-a1bc-62abe462357e_1055x1491.png
les-epistemies-de-soi,les-epistemies-de-soi/b05f81a1-7f8d-40f5-91b4-aca49160d9ae_1054x1492.png,2746699,0c2e843e76e47b54cd1453fcf312394fe5d632c587d4c0b668285a4278dc615b,déjà présent,https://substack-post-media.s3.amazonaws.com/public/images/b05f81a1-7f8d-40f5-91b4-aca49160d9ae_1054x1492.png
les-epistemies-de-soi,les-epistemies-de-soi/e44b1294-39f9-43ad-b41a-d58192f1270f_1983x793.png,2587276,63f25629dcdf2c4fd896b90a8dea8045679a0fbe3ae154452b985168bb815715,lien vers l'original,https://substack-post-media.s3.amazonaws.com/public/images/e44b1294-39f9-43ad-b41a-d58192f1270f_1983x793.png
les-epistemies-de-soi,les-epistemies-de-soi/e6b04271-4d81-40bd-be98-440ec2015800_1055x1491.png,2817075,e335a1e41409d78c7bc9283aacf84796a375c9fc9933ca53eb40d86dc5c5973d,déjà présent,https://substack-post-media.s3.amazonaws.com/public/images/e6b04271-4d81-40bd-be98-440ec2015800_1055x1491.png
les-epistemies-de-soi,les-epistemies-de-soi/f245b98c-1c43-4a70-8b81-a80d05f12508_1055x1491.png,2733615,31f2750b423dd034580777cabdbcc4ef7df16918f65d2ea2482a91a4b701c262,déjà présent,https://substack-post-media.s3.amazonaws.com/public/images/f245b98c-1c43-4a70-8b81-a80d05f12508_1055x1491.png
les-epistemies-de-soi,les-epistemies-de-soi/fd1b534e-92ce-4d04-8f6f-09021c595d66_1055x1491.png,2755396,cc31c1b1f296641f0aa9fb5866810960c833de8cf59d79c978a23025a61887b0,déjà présent,https://substack-post-media.s3.amazonaws.com/public/images/fd1b534e-92ce-4d04-8f6f-09021c595d66_1055x1491.png
letrejectif-la-rigueur-epistemique,letrejectif-la-rigueur-epistemique/3f68da21-8d84-48e9-b369-e10207d71c61_1080x705.jpeg,112042,a9751ec06626d14b6b3c46562025aac3bde9aebeef1c8008edd910ec21caa7ed,lien vers l'original,https://substack-post-media.s3.amazonaws.com/public/images/3f68da21-8d84-48e9-b369-e10207d71c61_1080x705.jpeg
letrejectif-la-rigueur-epistemique,letrejectif-la-rigueur-epistemique/7224d024-4e88-430c-8597-86301df95b2d_991x1234.jpeg,726678,55888924bc52e63386bd2a8728f7d178f901643604d8e1f8abaadc1b3750129e,déjà présent,https://substack-post-media.s3.amazonaws.com/public/images/7224d024-4e88-430c-8597-86301df95b2d_991x1234.jpeg
letrejectif-la-rigueur-epistemique,letrejectif-la-rigueur-epistemique/fd31ba5a-db4e-4eeb-a7da-9d5a1191f0fa_1024x1024.png,560622,643613347f0de3b3b5ef1f8b18d49551ec9822cb2a0c55fadee4783f41eebfd9,déjà présent,https://substack-post-media.s3.amazonaws.com/public/images/fd31ba5a-db4e-4eeb-a7da-9d5a1191f0fa_1024x1024.png
letrejectif-langle-mort-de-lesprit,letrejectif-langle-mort-de-lesprit/3f68da21-8d84-48e9-b369-e10207d71c61_1080x705.jpeg,112042,a9751ec06626d14b6b3c46562025aac3bde9aebeef1c8008edd910ec21caa7ed,lien vers l'original,https://substack-post-media.s3.amazonaws.com/public/images/3f68da21-8d84-48e9-b369-e10207d71c61_1080x705.jpeg
letrejectif-langle-mort-de-lesprit,letrejectif-langle-mort-de-lesprit/4da9efea-25f7-4804-8cca-05b290c69f1d_989x1238.jpeg,1006520,973924e52acd31a64eaf192587149555dc327c5316323a1b5f6f965ef9e9b077,déjà présent,https://substack-post-media.s3.amazonaws.com/public/images/4da9efea-25f7-4804-8cca-05b290c69f1d_989x1238.jpeg
letrejectif-langle-mort-de-lesprit,letrejectif-langle-mort-de-lesprit/e00c547c-2637-41c0-a2b3-86701ae66f4b_981x1225.jpeg,363860,81321204d365a6001aab44e176c303e165ff01f8601b69524760c8eb7475b314,déjà présent,https://substack-post-media.s3.amazonaws.com/public/images/e00c547c-2637-41c0-a2b3-86701ae66f4b_981x1225.jpeg
lhumain,lhumain/007425dc-eafd-4f35-9b88-d551e222869e_1942x809.png,2922164,6e408764bcf453f5574ccdc63c25f0c605dbb4ba5ab9a4420dda435608db5e41,lien vers l'original,https://substack-post-media.s3.amazonaws.com/public/images/007425dc-eafd-4f35-9b88-d551e222869e_1942x809.png
lhumain,lhumain/02989640-7582-42d5-a779-c0612af2450d_1942x809.png,2660503,5e9adb244578eb53a75aeb6a359a54c6327906460d4d42b64671dc8481339b3d,lien vers l'original,https://substack-post-media.s3.amazonaws.com/public/images/02989640-7582-42d5-a779-c0612af2450d_1942x809.png
lhumain,lhumain/1c0d6522-3462-4d9d-832f-14532f9a4a74_1624x969.png,2672536,fd817a4209d1100050d5eaa22f33aaf23a93417da4f92f5ea348ed209517dc39,lien vers l'original,https://substack-post-media.s3.amazonaws.com/public/images/1c0d6522-3462-4d9d-832f-14532f9a4a74_1624x969.png
lhumain,lhumain/232a4267-ae1c-4780-ba69-578e3630f208_1086x1449.png,2711550,e8cd1d6d9fc274339e82c6e40c08f99ca5e3a1d596b2b2f76bd5a1c6ea8fa3ef,déjà présent,https://substack-post-media.s3.amazonaws.com/public/images/232a4267-ae1c-4780-ba69-578e3630f208_1086x1449.png
lhumain,lhumain/3db19133-a324-40b4-a0eb-b8f4e8357656_1942x809.png,2776740,dc614ffc5152938fd1d40199de801aeb4952e1c06a15082e16153f6edd7b7fa8,lien vers l'original,https://substack-post-media.s3.amazonaws.com/public/images/3db19133-a324-40b4-a0eb-b8f4e8357656_1942x809.png
lhumain,lhumain/4dcbc81c-1438-4447-af1a-edf33307bcad_2244x1668.png,6933902,09b8e0560406c7cf55ca4b18fb8a6b2621e0bf02f625abea7e8edfb6805e574c,déjà présent,https://substack-post-media.s3.amazonaws.com/public/images/4dcbc81c-1438-4447-af1a-edf33307bcad_2244x1668.png
lhumain,lhumain/537a3509-2d50-4baf-a46b-8dbec583a078_1942x809.png,2410731,f153b1baec9a623d5a4c23aa9a111d18c2bede1a74e68ea0f6d5149c95134301,lien vers l'original,https://substack-post-media.s3.amazonaws.com/public/images/537a3509-2d50-4baf-a46b-8dbec583a078_1942x809.png
lhumain,lhumain/55adc3d8-c3d5-46a7-b889-3eccb49d3031_1024x1535.png,2296923,d38315a0d7b8f0fc86832efdaed78da534be19a1660b0c9a6e7619f1756396e0,déjà présent,https://substack-post-media.s3.amazonaws.com/public/images/55adc3d8-c3d5-46a7-b889-3eccb49d3031_1024x1535.png
lhumain,lhumain/5f114c9b-496a-43ed-adfb-74a11c434ffc_1942x809.png,2513817,bd25ad3711d27b7484ef7c1605abd650d93f2b05639327a51da98dcee11c03aa,lien vers l'original,https://substack-post-media.s3.amazonaws.com/public/images/5f114c9b-496a-43ed-adfb-74a11c434ffc_1942x809.png
lhumain,lhumain/612fec88-5573-4927-90f2-81805b5e7a01_1983x793.png,2587276,63f25629dcdf2c4fd896b90a8dea8045679a0fbe3ae154452b985168bb815715,lien vers l'original,https://substack-post-media.s3.amazonaws.com/public/images/612fec88-5573-4927-90f2-81805b5e7a01_1983x793.png
lhumain,lhumain/71e32340-2bd0-4a6a-abae-eb3cc6d4d0a4_1024x1536.png,3031489,cf4de9c3043f82d382b05de5e13bdc738ffaba95e613caa1d1413f1224b5d1a3,déjà présent,https://substack-post-media.s3.amazonaws.com/public/images/71e32340-2bd0-4a6a-abae-eb3cc6d4d0a4_1024x1536.png
lhumain,lhumain/c2e9096b-c160-4474-b10c-62e896d5935a_1023x1537.png,2566076,60034cca9d5b616517541c9d5b969432bb8ba08f0981a397f7ac00daaf42a573,déjà présent,https://substack-post-media.s3.amazonaws.com/public/images/c2e9096b-c160-4474-b10c-62e896d5935a_1023x1537.png
lhumain,lhumain/eba10b1e-5ac8-4863-9462-a010862d917a_1023x1537.png,2543251,26db93710cc89d51149733d6a5056bc5b1dc29a3a5327f78b146f1cdb88f4b37,déjà présent,https://substack-post-media.s3.amazonaws.com/public/images/eba10b1e-5ac8-4863-9462-a010862d917a_1023x1537.png
lhumain,lhumain/f628f30b-80e6-4a23-9838-a57d036aa1f7_1024x1536.png,2674812,8bba564a97cc74e7a23712f5e23e7e4bc2383e5888420528c3ad0c1631fe15a3,déjà présent,https://substack-post-media.s3.amazonaws.com/public/images/f628f30b-80e6-4a23-9838-a57d036aa1f7_1024x1536.png
lhymne-du-verbe-vertical,lhymne-du-verbe-vertical/1c0d6522-3462-4d9d-832f-14532f9a4a74_1624x969.png,2672536,fd817a4209d1100050d5eaa22f33aaf23a93417da4f92f5ea348ed209517dc39,lien vers l'original,https://substack-post-media.s3.amazonaws.com/public/images/1c0d6522-3462-4d9d-832f-14532f9a4a74_1624x969.png
lhymne-du-verbe-vertical,lhymne-du-verbe-vertical/300911d4-dbb2-4efb-ad70-f801b9d0add4_1448x1086.png,2633608,96151f2ac4db8d32e268c7adbb07a8d366e9bcdb5b83eee81a8b0ec754111759,déjà présent,https://substack-post-media.s3.amazonaws.com/public/images/300911d4-dbb2-4efb-ad70-f801b9d0add4_1448x1086.png
lhymne-du-verbe-vertical,lhymne-du-verbe-vertical/3e1ae840-2836-4961-a600-7ad816415674_1055x1491.png,2585992,316a61431ddd985024b759359bf924d1a8074968dfd00f8b34631952d00b0aeb,déjà présent,https://substack-post-media.s3.amazonaws.com/public/images/3e1ae840-2836-4961-a600-7ad816415674_1055x1491.png
lhymne-du-verbe-vertical,lhymne-du-verbe-vertical/73954193-5531-4c1b-ace2-f15dfe4deb1a_1024x1536.png,2946494,3077bc6deb9fd4df6eba526e9bdf043f9c9b9c28d426b3f8e1481f7358430c95,déjà présent,https://substack-post-media.s3.amazonaws.com/public/images/73954193-5531-4c1b-ace2-f15dfe4deb1a_1024x1536.png
lhymne-du-verbe-vertical,lhymne-du-verbe-vertical/9dfd4b23-256f-4bb0-8ea2-1f7097709315_1024x1536.png,2597009,b02248a0ecd7b1bc6f33970183d7eb8f7fe1544e8c839f16e400fa96f5869d81,déjà présent,https://substack-post-media.s3.amazonaws.com/public/images/9dfd4b23-256f-4bb0-8ea2-1f7097709315_1024x1536.png
lhymne-du-verbe-vertical,lhymne-du-verbe-vertical/af3d31ea-29f4-4bc6-abf3-8b1e2e693670_1983x793.png,2587276,63f25629dcdf2c4fd896b90a8dea8045679a0fbe3ae154452b985168bb815715,déjà présent,https://substack-post-media.s3.amazonaws.com/public/images/af3d31ea-29f4-4bc6-abf3-8b1e2e693670_1983x793.png
lhymne-du-verbe-vertical,lhymne-du-verbe-vertical/b97645f7-2cc4-4917-96cc-baa851af0789_1024x1536.png,3045733,1fdbcd67db8e0a7a24057aeb7510c45132acfca0ac9dfbfaa269d6bcd2c97718,déjà présent,https://substack-post-media.s3.amazonaws.com/public/images/b97645f7-2cc4-4917-96cc-baa851af0789_1024x1536.png
lil-drone,lil-drone/007425dc-eafd-4f35-9b88-d551e222869e_1942x809.png,2922164,6e408764bcf453f5574ccdc63c25f0c605dbb4ba5ab9a4420dda435608db5e41,lien vers l'original,https://substack-post-media.s3.amazonaws.com/public/images/007425dc-eafd-4f35-9b88-d551e222869e_1942x809.png
lil-drone,lil-drone/02989640-7582-42d5-a779-c0612af2450d_1942x809.png,2660503,5e9adb244578eb53a75aeb6a359a54c6327906460d4d42b64671dc8481339b3d,lien vers l'original,https://substack-post-media.s3.amazonaws.com/public/images/02989640-7582-42d5-a779-c0612af2450d_1942x809.png
lil-drone,lil-drone/0fc7bb8c-4270-44e2-b7e4-dc346f7cee21_1024x1536.png,2866360,533c305551123aff864a620275a07a1442fcbe28c14998880fb30804418c0106,déjà présent,https://substack-post-media.s3.amazonaws.com/public/images/0fc7bb8c-4270-44e2-b7e4-dc346f7cee21_1024x1536.png
lil-drone,lil-drone/1c0d6522-3462-4d9d-832f-14532f9a4a74_1624x969.png,2672536,fd817a4209d1100050d5eaa22f33aaf23a93417da4f92f5ea348ed209517dc39,lien vers l'original,https://substack-post-media.s3.amazonaws.com/public/images/1c0d6522-3462-4d9d-832f-14532f9a4a74_1624x969.png
lil-drone,lil-drone/20ca0661-06f8-47ac-b1dc-1cf03ed2fdde_1942x809.png,2410731,f153b1baec9a623d5a4c23aa9a111d18c2bede1a74e68ea0f6d5149c95134301,lien vers l'original,https://substack-post-media.s3.amazonaws.com/public/images/20ca0661-06f8-47ac-b1dc-1cf03ed2fdde_1942x809.png
lil-drone,lil-drone/2ef53057-392b-499b-974c-8194dfb6fb00_1023x1537.png,2566076,60034cca9d5b616517541c9d5b969432bb8ba08f0981a397f7ac00daaf42a573,déjà présent,https://substack-post-media.s3.amazonaws.com/public/images/2ef53057-392b-499b-974c-8194dfb6fb00_1023x1537.png
lil-drone,lil-drone/3db19133-a324-40b4-a0eb-b8f4e8357656_1942x809.png,2776740,dc614ffc5152938fd1d40199de801aeb4952e1c06a15082e16153f6edd7b7fa8,lien vers l'original,https://substack-post-media.s3.amazonaws.com/public/images/3db19133-a324-40b4-a0eb-b8f4e8357656_1942x809.png
lil-drone,lil-drone/5f114c9b-496a-43ed-adfb-74a11c434ffc_1942x809.png,2513817,bd25ad3711d27b7484ef7c1605abd650d93f2b05639327a51da98dcee11c03aa,lien vers l'original,https://substack-post-media.s3.amazonaws.com/public/images/5f114c9b-496a-43ed-adfb-74a11c434ffc_1942x809.png
lil-drone,lil-drone/8215a708-c428-4871-8043-b179f4012208_1024x1536.png,2641319,8e27dcffe3bbdb12403818d55e9ddd668a8a8fb78fc85937511344b8cc755ff5,déjà présent,https://substack-post-media.s3.amazonaws.com/public/images/8215a708-c428-4871-8043-b179f4012208_1024x1536.png
lil-drone,lil-drone/9af96bd2-7882-4879-8677-4c1eb28fd745_1024x1536.png,3001750,31ada9e503a5a363d0098366073021b450c0ccd21b869506faf87a33c53b59a4,déjà présent,https://substack-post-media.s3.amazonaws.com/public/images/9af96bd2-7882-4879-8677-4c1eb28fd745_1024x1536.png
lil-drone,lil-drone/b9128453-95a1-477f-a2e7-a346c5d815be_1024x1536.png,2477414,d520d625d35bb4b88a0e6e321d1766294840938b4535a8eb17f028e3bf2949bc,déjà présent,https://substack-post-media.s3.amazonaws.com/public/images/b9128453-95a1-477f-a2e7-a346c5d815be_1024x1536.png
lil-drone,lil-drone/c9ecffd3-49ed-4af0-a0a5-89883f9819ec_1024x1536.png,2666925,32b0921bcda44f54d78a3ea4b3f1d27e7b85bd39622578f804e5bde5d6332a3a,déjà présent,https://substack-post-media.s3.amazonaws.com/public/images/c9ecffd3-49ed-4af0-a0a5-89883f9819ec_1024x1536.png
lil-drone,lil-drone/e44b1294-39f9-43ad-b41a-d58192f1270f_1983x793.png,2587276,63f25629dcdf2c4fd896b90a8dea8045679a0fbe3ae154452b985168bb815715,lien vers l'original,https://substack-post-media.s3.amazonaws.com/public/images/e44b1294-39f9-43ad-b41a-d58192f1270f_1983x793.png
lil-drone,lil-drone/e54c3332-5448-47d2-93ef-18be477e238c_2244x1668.png,6933902,09b8e0560406c7cf55ca4b18fb8a6b2621e0bf02f625abea7e8edfb6805e574c,déjà présent,https://substack-post-media.s3.amazonaws.com/public/images/e54c3332-5448-47d2-93ef-18be477e238c_2244x1668.png
luvre,luvre/15441718-2654-45b7-b468-504259cdf5a2_1073x1466.png,2783440,22d56cd669b45e4d28ad8f68caf4f83cadcce184d889fa0d24fe70e58254bf94,déjà présent,https://substack-post-media.s3.amazonaws.com/public/images/15441718-2654-45b7-b468-504259cdf5a2_1073x1466.png
luvre,luvre/5cfdb4f1-4131-4b9c-9997-e08b4915546c_1024x1536.png,2866865,3b8770fc303b7e53514fb6d7d0a1e4c7b34810dce7bbd096cdaee854e8ac8a2d,déjà présent,https://substack-post-media.s3.amazonaws.com/public/images/5cfdb4f1-4131-4b9c-9997-e08b4915546c_1024x1536.png
luvre,luvre/a9422698-7d27-4336-8952-1ad8003109fe_1024x1536.png,2818423,0dc3a8913305937a341207ca8510d9841a4291a42e8356f9cf648e52bebd3814,déjà présent,https://substack-post-media.s3.amazonaws.com/public/images/a9422698-7d27-4336-8952-1ad8003109fe_1024x1536.png
luvre,luvre/e8dae5f8-77cd-49f6-bbef-4c04a92dec30_1024x1024.jpeg,164222,4b33df0bce049912e3c396977560c7c30ed774698e28156d58df1b2c39f7f9f9,déjà présent,https://substack-post-media.s3.amazonaws.com/public/images/e8dae5f8-77cd-49f6-bbef-4c04a92dec30_1024x1024.jpeg
neurodivergence,neurodivergence/0424d510-01a5-442f-9470-a8d5840f85f0_1024x1536.png,2499418,88c724b99a6e1a0c943e9a6039a5c4e06a4be243f19cc5efcc8341dcb8cfbe4d,déjà présent,https://substack-post-media.s3.amazonaws.com/public/images/0424d510-01a5-442f-9470-a8d5840f85f0_1024x1536.png
neurodivergence,neurodivergence/1c0d6522-3462-4d9d-832f-14532f9a4a74_1624x969.png,2672536,fd817a4209d1100050d5eaa22f33aaf23a93417da4f92f5ea348ed209517dc39,lien vers l'original,https://substack-post-media.s3.amazonaws.com/public/images/1c0d6522-3462-4d9d-832f-14532f9a4a74_1624x969.png
neurodivergence,neurodivergence/29ee541f-0d38-4c46-833b-d1c90d06bbd5_1024x1536.png,2954294,28c0956005af0994193be4945dabbdc3db69947257bdbf7f29075c68d70b034f,déjà présent,https://substack-post-media.s3.amazonaws.com/public/images/29ee541f-0d38-4c46-833b-d1c90d06bbd5_1024x1536.png
neurodivergence,neurodivergence/980054d9-3df1-4c51-9cc9-8aa4eb08d5d7_1024x1536.png,3127751,3a9f94586a044622cca94a9aee28641d6684ff541527dc24c0c3a43ba3de3242,déjà présent,https://substack-post-media.s3.amazonaws.com/public/images/980054d9-3df1-4c51-9cc9-8aa4eb08d5d7_1024x1536.png
neurodivergence,neurodivergence/e44b1294-39f9-43ad-b41a-d58192f1270f_1983x793.png,2587276,63f25629dcdf2c4fd896b90a8dea8045679a0fbe3ae154452b985168bb815715,lien vers l'original,https://substack-post-media.s3.amazonaws.com/public/images/e44b1294-39f9-43ad-b41a-d58192f1270f_1983x793.png
neurodivergence,neurodivergence/ea7d8323-6792-4459-af62-cc927ce33d9c_1024x1536.png,2640013,0124da63503148f4ae0c2e97816a4772812087840a13df40e1708b20d65a79a3,déjà présent,https://substack-post-media.s3.amazonaws.com/public/images/ea7d8323-6792-4459-af62-cc927ce33d9c_1024x1536.png
neurodivergence,neurodivergence/f19f99c1-8e22-4ed1-a424-ce40d02d9f35_1024x1536.png,2822096,de7851e3538ac46c6880a512fc40f0d1ab842d7f431a6514c61c13b08f684173,déjà présent,https://substack-post-media.s3.amazonaws.com/public/images/f19f99c1-8e22-4ed1-a424-ce40d02d9f35_1024x1536.png
neurodivergence,neurodivergence/faf9642c-b729-4b46-b62d-e23e3abc837b_1024x1536.png,2639808,07aaf946a842047f0fe99cec53d17d61f6c8ced77f340572c7c244b82a6ba5c4,déjà présent,https://substack-post-media.s3.amazonaws.com/public/images/faf9642c-b729-4b46-b62d-e23e3abc837b_1024x1536.png
parasocial,parasocial/1c0d6522-3462-4d9d-832f-14532f9a4a74_1624x969.png,2672536,fd817a4209d1100050d5eaa22f33aaf23a93417da4f92f5ea348ed209517dc39,lien vers l'original,https://substack-post-media.s3.amazonaws.com/public/images/1c0d6522-3462-4d9d-832f-14532f9a4a74_1624x969.png
parasocial,parasocial/2e255770-851b-4ba0-b811-54e95becddcb_1024x1536.png,2453110,ec83eeed55ca150c0fa07875b2cbcf7f45679422eef005f8c9975b981c3035fd,déjà présent,https://substack-post-media.s3.amazonaws.com/public/images/2e255770-851b-4ba0-b811-54e95becddcb_1024x1536.png
parasocial,parasocial/3d9c6898-bb85-4137-bc9b-a6eba75603da_1086x1448.png,2492887,e9b5ee2576e3ae8bc4955015d92b472efab56102e4814ad7ecac648ceccd6210,déjà présent,https://substack-post-media.s3.amazonaws.com/public/images/3d9c6898-bb85-4137-bc9b-a6eba75603da_1086x1448.png
parasocial,parasocial/a5a604af-d448-4000-9f5f-9de4c5d95652_1024x1536.png,2609175,c402907156b3fd1150d781d00c1782b78f95344f4a156e4d417df97a1f35ded6,déjà présent,https://substack-post-media.s3.amazonaws.com/public/images/a5a604af-d448-4000-9f5f-9de4c5d95652_1024x1536.png
parasocial,parasocial/e44b1294-39f9-43ad-b41a-d58192f1270f_1983x793.png,2587276,63f25629dcdf2c4fd896b90a8dea8045679a0fbe3ae154452b985168bb815715,lien vers l'original,https://substack-post-media.s3.amazonaws.com/public/images/e44b1294-39f9-43ad-b41a-d58192f1270f_1983x793.png
parasocial,parasocial/e99dc893-3387-4b88-a6e7-f7bb0d3be9c2_1023x1537.png,2314254,227c0e3b7b699182a109270293135e08fd4cacf0462facba5cdd38b959675bf7,déjà présent,https://substack-post-media.s3.amazonaws.com/public/images/e99dc893-3387-4b88-a6e7-f7bb0d3be9c2_1023x1537.png
passeurs-de-lumiere-soufisme-taoisme,passeurs-de-lumiere-soufisme-taoisme/055ba41f-f9c3-46ce-acae-1b33d0727a59_1122x1402.png,2772022,f4e137319cf87cd873520460e491c8da5cd83ad489946150bf83065a99fa9922,déjà présent,https://substack-post-media.s3.amazonaws.com/public/images/055ba41f-f9c3-46ce-acae-1b33d0727a59_1122x1402.png
passeurs-de-lumiere-soufisme-taoisme,passeurs-de-lumiere-soufisme-taoisme/1c0d6522-3462-4d9d-832f-14532f9a4a74_1624x969.png,2672536,fd817a4209d1100050d5eaa22f33aaf23a93417da4f92f5ea348ed209517dc39,lien vers l'original,https://substack-post-media.s3.amazonaws.com/public/images/1c0d6522-3462-4d9d-832f-14532f9a4a74_1624x969.png
passeurs-de-lumiere-soufisme-taoisme,passeurs-de-lumiere-soufisme-taoisme/1f956f76-ce23-4933-99e4-ab3f7bf967ff_1040x1512.png,2766527,e47f64c365bdece3f0e21baa8b6faa380c3f64847594ebf64fbe3391651b80d9,déjà présent,https://substack-post-media.s3.amazonaws.com/public/images/1f956f76-ce23-4933-99e4-ab3f7bf967ff_1040x1512.png
passeurs-de-lumiere-soufisme-taoisme,passeurs-de-lumiere-soufisme-taoisme/6f55ad44-a61b-4e6c-ba82-e2da04b0e1ad_1040x1512.png,3031391,6c63f305aaba03f4a2deae6ef7da7fed0342432df50f1f0985ba6cbf6c5ec356,déjà présent,https://substack-post-media.s3.amazonaws.com/public/images/6f55ad44-a61b-4e6c-ba82-e2da04b0e1ad_1040x1512.png
passeurs-de-lumiere-soufisme-taoisme,passeurs-de-lumiere-soufisme-taoisme/79016e93-8fd5-4b11-a74c-765ba3d6134d_1040x1512.png,2742348,27abc052b02ce8405a216136f049ade659f9813a2a81df73683b4d87ea24e61c,déjà présent,https://substack-post-media.s3.amazonaws.com/public/images/79016e93-8fd5-4b11-a74c-765ba3d6134d_1040x1512.png
passeurs-de-lumiere-soufisme-taoisme,passeurs-de-lumiere-soufisme-taoisme/841045b8-3afd-4e83-aad5-d1ba0989bd04_1040x1512.png,2759409,954e04f5f083c6cce8309aadffb7212c811bfa8b4f8a7c168344193ae71453d6,déjà présent,https://substack-post-media.s3.amazonaws.com/public/images/841045b8-3afd-4e83-aad5-d1ba0989bd04_1040x1512.png
passeurs-de-lumiere-soufisme-taoisme,passeurs-de-lumiere-soufisme-taoisme/9b02e220-bd8c-4c50-b045-f31847e1c057_1040x1512.png,2850097,437032b51ff547b68a276c23373fde044dd1e46b826670946353122d143dcbae,déjà présent,https://substack-post-media.s3.amazonaws.com/public/images/9b02e220-bd8c-4c50-b045-f31847e1c057_1040x1512.png
passeurs-de-lumiere-soufisme-taoisme,passeurs-de-lumiere-soufisme-taoisme/e44b1294-39f9-43ad-b41a-d58192f1270f_1983x793.png,2587276,63f25629dcdf2c4fd896b90a8dea8045679a0fbe3ae154452b985168bb815715,lien vers l'original,https://substack-post-media.s3.amazonaws.com/public/images/e44b1294-39f9-43ad-b41a-d58192f1270f_1983x793.png
passeurs-de-lumiere-soufisme-taoisme,passeurs-de-lumiere-soufisme-taoisme/eed76148-8b5e-4435-ac18-1b477bb018c3_1040x1512.png,2947018,a2349a753bec950b5ac4ef6cc5cc8d62c523d78cec3ca6cd01402524a749fc00,déjà présent,https://substack-post-media.s3.amazonaws.com/public/images/eed76148-8b5e-4435-ac18-1b477bb018c3_1040x1512.png
passeurs-de-lumiere-soufisme-taoisme,passeurs-de-lumiere-soufisme-taoisme/eef19448-34d4-45ec-ab98-8e345b28a231_1040x1512.png,2825876,24fe6cd9b15bc9e9f8b8d0e76bfc65ffab82df9f4289e9eda41a2ced2f235c64,déjà présent,https://substack-post-media.s3.amazonaws.com/public/images/eef19448-34d4-45ec-ab98-8e345b28a231_1040x1512.png
passeurs-de-lumiere-soufisme-taoisme,passeurs-de-lumiere-soufisme-taoisme/fe541275-1629-4f10-9020-8c8dbe927e37_1040x1512.png,2865476,46f866f204985bbc485652a8d8cfe3cf4ed5c318a14eefa3724fe1c041a19416,déjà présent,https://substack-post-media.s3.amazonaws.com/public/images/fe541275-1629-4f10-9020-8c8dbe927e37_1040x1512.png
passion,passion/1c0d6522-3462-4d9d-832f-14532f9a4a74_1624x969.png,2672536,fd817a4209d1100050d5eaa22f33aaf23a93417da4f92f5ea348ed209517dc39,lien vers l'original,https://substack-post-media.s3.amazonaws.com/public/images/1c0d6522-3462-4d9d-832f-14532f9a4a74_1624x969.png
passion,passion/3b6329ac-d536-46e8-b07f-e30a2ed1cf63_1024x1536.png,2843725,80650e6f89d5bfbb3494ffac530bb98e1e9fb2c42677611975f81ea8f7014a38,déjà présent,https://substack-post-media.s3.amazonaws.com/public/images/3b6329ac-d536-46e8-b07f-e30a2ed1cf63_1024x1536.png
passion,passion/75f4203e-4b8f-4fa0-a412-b76cd8b78ef9_1023x1537.png,2848426,97511960254db88f954ddcdaca23474f0d60524ea327795f8f34c95bcf430fb1,déjà présent,https://substack-post-media.s3.amazonaws.com/public/images/75f4203e-4b8f-4fa0-a412-b76cd8b78ef9_1023x1537.png
passion,passion/780ad9f6-9e21-410a-8fe8-8dad533e2d53_1024x1536.png,2961511,12c3f1b0083924b472388eaa70a1c9cd894d6ef06f5f39d64fb6534a60fffa43,déjà présent,https://substack-post-media.s3.amazonaws.com/public/images/780ad9f6-9e21-410a-8fe8-8dad533e2d53_1024x1536.png
passion,passion/b25c46b5-9cc0-4744-86cb-256ac1bf99a3_1023x1537.png,2638089,5407b4129da98d707d774debd10b0e3a5d65f94c23074d5b05be61bc08f06634,déjà présent,https://substack-post-media.s3.amazonaws.com/public/images/b25c46b5-9cc0-4744-86cb-256ac1bf99a3_1023x1537.png
passion,passion/bff8d5e2-914c-4e63-8fe6-805aa9749eb8_1023x1537.png,2750720,02208265ccbb32e4ed8d99f4723e41a7c91948231ae89ee390c70dc2f7eaef4d,déjà présent,https://substack-post-media.s3.amazonaws.com/public/images/bff8d5e2-914c-4e63-8fe6-805aa9749eb8_1023x1537.png
passion,passion/e44b1294-39f9-43ad-b41a-d58192f1270f_1983x793.png,2587276,63f25629dcdf2c4fd896b90a8dea8045679a0fbe3ae154452b985168bb815715,lien vers l'original,https://substack-post-media.s3.amazonaws.com/public/images/e44b1294-39f9-43ad-b41a-d58192f1270f_1983x793.png
passion,passion/f49c7f73-7732-42dc-9434-9b879d062481_1024x1536.png,2839792,ef889b9a40f47938f4a96be5492655dfc7b1775cac2ef9ad247de7c377148f47,déjà présent,https://substack-post-media.s3.amazonaws.com/public/images/f49c7f73-7732-42dc-9434-9b879d062481_1024x1536.png
projection,projection/12ab5633-9b4b-45b2-be83-947c772eaf97_1023x1537.png,2668662,040f6680d8c1f0207e53c5ce171c5928e71303ff47d1f6e6fda1dcaa7bcabb1c,déjà présent,https://substack-post-media.s3.amazonaws.com/public/images/12ab5633-9b4b-45b2-be83-947c772eaf97_1023x1537.png
projection,projection/3c5c941a-fd8e-4437-8b91-54f06bbef23c_1054x1492.png,2057002,6f3796f9f72271bd9450e062e17dde41cfad2f4f46838a36308e94dde9448a38,déjà présent,https://substack-post-media.s3.amazonaws.com/public/images/3c5c941a-fd8e-4437-8b91-54f06bbef23c_1054x1492.png
projection,projection/469abcc3-7a3f-4634-ab6e-1abff4322585_1086x1448.png,2407380,b3cd2886726aa44839b4159f6d50141436bba6d97c943c6880234af7bab85264,déjà présent,https://substack-post-media.s3.amazonaws.com/public/images/469abcc3-7a3f-4634-ab6e-1abff4322585_1086x1448.png
projection,projection/53ecb6af-95c5-4a8a-928f-91ba756b12f9_1086x1449.png,2565477,8d44e6c5f0962f495cf993e7eb9a8649a144db47fe63c5996bcb7cec31287ca3,déjà présent,https://substack-post-media.s3.amazonaws.com/public/images/53ecb6af-95c5-4a8a-928f-91ba756b12f9_1086x1449.png
projection,projection/7f5fdf73-7f3d-4649-9e7d-6ead3c63374f_1983x793.png,2587276,63f25629dcdf2c4fd896b90a8dea8045679a0fbe3ae154452b985168bb815715,déjà présent,https://substack-post-media.s3.amazonaws.com/public/images/7f5fdf73-7f3d-4649-9e7d-6ead3c63374f_1983x793.png
projection,projection/a9f4bd05-3ef4-4294-9184-1f859e5d71d5_1085x1450.png,2751897,699174381fb2ecc5e721ceb8af99e52629f8fe13c0aa0bb862a4127cb621ad3c,déjà présent,https://substack-post-media.s3.amazonaws.com/public/images/a9f4bd05-3ef4-4294-9184-1f859e5d71d5_1085x1450.png
projection,projection/fe06804d-d900-4708-834b-f3ce8b7b76cc_1983x793.png,2587276,63f25629dcdf2c4fd896b90a8dea8045679a0fbe3ae154452b985168bb815715,lien vers l'original,https://substack-post-media.s3.amazonaws.com/public/images/fe06804d-d900-4708-834b-f3ce8b7b76cc_1983x793.png
pronoia,pronoia/1c0d6522-3462-4d9d-832f-14532f9a4a74_1624x969.png,2672536,fd817a4209d1100050d5eaa22f33aaf23a93417da4f92f5ea348ed209517dc39,lien vers l'original,https://substack-post-media.s3.amazonaws.com/public/images/1c0d6522-3462-4d9d-832f-14532f9a4a74_1624x969.png
pronoia,pronoia/264d1a70-53d7-4e0b-a553-542e69b8bb39_1023x1537.png,2468253,a950967eb9d8d05228dfa534e41200caa8aa3c824f755f2eddcb3fce9ad4c917,déjà présent,https://substack-post-media.s3.amazonaws.com/public/images/264d1a70-53d7-4e0b-a553-542e69b8bb39_1023x1537.png
pronoia,pronoia/321a0b77-27e2-4214-9f66-d14064e6590d_1023x1537.png,2526242,62772a84b68d5deae27e65830231b5abf2a2c22e68819fd599833e3cc46e704d,déjà présent,https://substack-post-media.s3.amazonaws.com/public/images/321a0b77-27e2-4214-9f66-d14064e6590d_1023x1537.png
pronoia,pronoia/3f7923e2-8854-4332-95f7-8bc9e0073333_1023x1537.png,2577044,c68bd43d35e9197e6ff9fb589725022d0b9cd62bc64b2668fde86540c35e3a23,déjà présent,https://substack-post-media.s3.amazonaws.com/public/images/3f7923e2-8854-4332-95f7-8bc9e0073333_1023x1537.png
pronoia,pronoia/42b56d06-4a90-4f35-b94a-be6370a9ba72_1023x1537.png,2497427,660e634a0bfc72c470fdfe77d455e556f2a0bb73590f4b1f625443b3a26e2f81,déjà présent,https://substack-post-media.s3.amazonaws.com/public/images/42b56d06-4a90-4f35-b94a-be6370a9ba72_1023x1537.png
pronoia,pronoia/c972a873-9dca-4d76-b9c7-2c53ae4cd198_1023x1537.png,2553154,90bb1c93c21b828589fd4bf434dabe3f46e913f95a0ceef40397dc9db22a7b51,déjà présent,https://substack-post-media.s3.amazonaws.com/public/images/c972a873-9dca-4d76-b9c7-2c53ae4cd198_1023x1537.png
pronoia,pronoia/d1a6e5af-3457-48bf-8834-8d8dd366ec68_1023x1537.png,2735494,c303b7f5818c6338b0d5c12e1975b1f36ad626375ef2328c12cb8835658c6d7a,déjà présent,https://substack-post-media.s3.amazonaws.com/public/images/d1a6e5af-3457-48bf-8834-8d8dd366ec68_1023x1537.png
pronoia,pronoia/e44b1294-39f9-43ad-b41a-d58192f1270f_1983x793.png,2587276,63f25629dcdf2c4fd896b90a8dea8045679a0fbe3ae154452b985168bb815715,lien vers l'original,https://substack-post-media.s3.amazonaws.com/public/images/e44b1294-39f9-43ad-b41a-d58192f1270f_1983x793.png
quilibrium,quilibrium/007425dc-eafd-4f35-9b88-d551e222869e_1942x809.png,2922164,6e408764bcf453f5574ccdc63c25f0c605dbb4ba5ab9a4420dda435608db5e41,lien vers l'original,https://substack-post-media.s3.amazonaws.com/public/images/007425dc-eafd-4f35-9b88-d551e222869e_1942x809.png
quilibrium,quilibrium/02989640-7582-42d5-a779-c0612af2450d_1942x809.png,2660503,5e9adb244578eb53a75aeb6a359a54c6327906460d4d42b64671dc8481339b3d,lien vers l'original,https://substack-post-media.s3.amazonaws.com/public/images/02989640-7582-42d5-a779-c0612af2450d_1942x809.png
quilibrium,quilibrium/1c0d6522-3462-4d9d-832f-14532f9a4a74_1624x969.png,2672536,fd817a4209d1100050d5eaa22f33aaf23a93417da4f92f5ea348ed209517dc39,lien vers l'original,https://substack-post-media.s3.amazonaws.com/public/images/1c0d6522-3462-4d9d-832f-14532f9a4a74_1624x969.png
quilibrium,quilibrium/3c924dc0-53f6-4038-8c14-5d2ca99c2576_1024x1536.png,3290711,0e95d14bf8e66f9cf24deac2af40447814c0e48bfa2d8e5ad019bee52019f382,déjà présent,https://substack-post-media.s3.amazonaws.com/public/images/3c924dc0-53f6-4038-8c14-5d2ca99c2576_1024x1536.png
quilibrium,quilibrium/3db19133-a324-40b4-a0eb-b8f4e8357656_1942x809.png,2776740,dc614ffc5152938fd1d40199de801aeb4952e1c06a15082e16153f6edd7b7fa8,lien vers l'original,https://substack-post-media.s3.amazonaws.com/public/images/3db19133-a324-40b4-a0eb-b8f4e8357656_1942x809.png
quilibrium,quilibrium/4dcbc81c-1438-4447-af1a-edf33307bcad_2244x1668.png,6933902,09b8e0560406c7cf55ca4b18fb8a6b2621e0bf02f625abea7e8edfb6805e574c,lien vers l'original,https://substack-post-media.s3.amazonaws.com/public/images/4dcbc81c-1438-4447-af1a-edf33307bcad_2244x1668.png
quilibrium,quilibrium/537a3509-2d50-4baf-a46b-8dbec583a078_1942x809.png,2410731,f153b1baec9a623d5a4c23aa9a111d18c2bede1a74e68ea0f6d5149c95134301,lien vers l'original,https://substack-post-media.s3.amazonaws.com/public/images/537a3509-2d50-4baf-a46b-8dbec583a078_1942x809.png
quilibrium,quilibrium/5f114c9b-496a-43ed-adfb-74a11c434ffc_1942x809.png,2513817,bd25ad3711d27b7484ef7c1605abd650d93f2b05639327a51da98dcee11c03aa,lien vers l'original,https://substack-post-media.s3.amazonaws.com/public/images/5f114c9b-496a-43ed-adfb-74a11c434ffc_1942x809.png
quilibrium,quilibrium/612fec88-5573-4927-90f2-81805b5e7a01_1983x793.png,2587276,63f25629dcdf2c4fd896b90a8dea8045679a0fbe3ae154452b985168bb815715,lien vers l'original,https://substack-post-media.s3.amazonaws.com/public/images/612fec88-5573-4927-90f2-81805b5e7a01_1983x793.png
quilibrium,quilibrium/65c411a6-02e7-4006-9d9f-66255a843da9_1055x1491.png,2760963,08ae71f1bc4c9cafe35a620825e74fe08f8032b1496ada9fe497a74241911e34,déjà présent,https://substack-post-media.s3.amazonaws.com/public/images/65c411a6-02e7-4006-9d9f-66255a843da9_1055x1491.png
quilibrium,quilibrium/6d37a78f-a318-4ec4-a140-fac315e6cfc8_1024x1536.png,2727186,d7ac89e961dd7962c2d9d61cfaafbbd666308cce34987277e6287a692315ae05,déjà présent,https://substack-post-media.s3.amazonaws.com/public/images/6d37a78f-a318-4ec4-a140-fac315e6cfc8_1024x1536.png
quilibrium,quilibrium/91421aaa-a646-4d02-a814-cfd0a4b0d072_1024x1536.png,3020788,b00c97eb81b6f779483ac17a2b6e618537c275ae45fbdde1a24cf86ac9d88ae1,déjà présent,https://substack-post-media.s3.amazonaws.com/public/images/91421aaa-a646-4d02-a814-cfd0a4b0d072_1024x1536.png
quilibrium,quilibrium/91d009d3-e14f-453c-8d21-02f27194d30d_1024x1536.png,3060066,0af9c202c2724ca5624f341f602fd47639e1950ea5e4e7686e15f29a93b976fb,déjà présent,https://substack-post-media.s3.amazonaws.com/public/images/91d009d3-e14f-453c-8d21-02f27194d30d_1024x1536.png
quilibrium,quilibrium/dab4ae41-25cd-4302-9e0a-a70eb9b0a899_2244x1668.png,6933902,09b8e0560406c7cf55ca4b18fb8a6b2621e0bf02f625abea7e8edfb6805e574c,lien vers l'original,https://substack-post-media.s3.amazonaws.com/public/images/dab4ae41-25cd-4302-9e0a-a70eb9b0a899_2244x1668.png
quilibrium,quilibrium/e2391e6b-0e62-46fc-aa7b-e69ce9e88dc4_1024x1536.png,3124727,5977b21d47cd79b7ad81c99e6aa2d23880c6abf62e11c649838d0951bb869ffa,déjà présent,https://substack-post-media.s3.amazonaws.com/public/images/e2391e6b-0e62-46fc-aa7b-e69ce9e88dc4_1024x1536.png
resilientia,resilientia/007425dc-eafd-4f35-9b88-d551e222869e_1942x809.png,2922164,6e408764bcf453f5574ccdc63c25f0c605dbb4ba5ab9a4420dda435608db5e41,lien vers l'original,https://substack-post-media.s3.amazonaws.com/public/images/007425dc-eafd-4f35-9b88-d551e222869e_1942x809.png
resilientia,resilientia/02989640-7582-42d5-a779-c0612af2450d_1942x809.png,2660503,5e9adb244578eb53a75aeb6a359a54c6327906460d4d42b64671dc8481339b3d,lien vers l'original,https://substack-post-media.s3.amazonaws.com/public/images/02989640-7582-42d5-a779-c0612af2450d_1942x809.png
resilientia,resilientia/118a2b7f-751b-4abb-8c05-3000ea3a9176_1024x1536.png,3052615,4a68ce3e948aa33f113e9500872349bcb72b5d59707da7fb7fcaf1a83801909a,déjà présent,https://substack-post-media.s3.amazonaws.com/public/images/118a2b7f-751b-4abb-8c05-3000ea3a9176_1024x1536.png
resilientia,resilientia/1c0d6522-3462-4d9d-832f-14532f9a4a74_1624x969.png,2672536,fd817a4209d1100050d5eaa22f33aaf23a93417da4f92f5ea348ed209517dc39,lien vers l'original,https://substack-post-media.s3.amazonaws.com/public/images/1c0d6522-3462-4d9d-832f-14532f9a4a74_1624x969.png
resilientia,resilientia/3db19133-a324-40b4-a0eb-b8f4e8357656_1942x809.png,2776740,dc614ffc5152938fd1d40199de801aeb4952e1c06a15082e16153f6edd7b7fa8,lien vers l'original,https://substack-post-media.s3.amazonaws.com/public/images/3db19133-a324-40b4-a0eb-b8f4e8357656_1942x809.png
resilientia,resilientia/4dcbc81c-1438-4447-af1a-edf33307bcad_2244x1668.png,6933902,09b8e0560406c7cf55ca4b18fb8a6b2621e0bf02f625abea7e8edfb6805e574c,lien vers l'original,https://substack-post-media.s3.amazonaws.com/public/images/4dcbc81c-1438-4447-af1a-edf33307bcad_2244x1668.png
resilientia,resilientia/52f2c64c-57a7-4ac1-b8f7-2063f45724ab_1024x1536.png,3222726,e5cc2aed47744c7aa66ff828a3d8a03d450fc0b2ec862667658a7e037305082d,déjà présent,https://substack-post-media.s3.amazonaws.com/public/images/52f2c64c-57a7-4ac1-b8f7-2063f45724ab_1024x1536.png
resilientia,resilientia/537a3509-2d50-4baf-a46b-8dbec583a078_1942x809.png,2410731,f153b1baec9a623d5a4c23aa9a111d18c2bede1a74e68ea0f6d5149c95134301,lien vers l'original,https://substack-post-media.s3.amazonaws.com/public/images/537a3509-2d50-4baf-a46b-8dbec583a078_1942x809.png
resilientia,resilientia/5f114c9b-496a-43ed-adfb-74a11c434ffc_1942x809.png,2513817,bd25ad3711d27b7484ef7c1605abd650d93f2b05639327a51da98dcee11c03aa,lien vers l'original,https://substack-post-media.s3.amazonaws.com/public/images/5f114c9b-496a-43ed-adfb-74a11c434ffc_1942x809.png
resilientia,resilientia/612fec88-5573-4927-90f2-81805b5e7a01_1983x793.png,2587276,63f25629dcdf2c4fd896b90a8dea8045679a0fbe3ae154452b985168bb815715,lien vers l'original,https://substack-post-media.s3.amazonaws.com/public/images/612fec88-5573-4927-90f2-81805b5e7a01_1983x793.png
resilientia,resilientia/68b4bd57-cb9a-43ea-8b0c-2442458b9f44_948x1659.png,3028927,27f3c697fb9317d9873e12568fcf688a4909344c90718641d7814605d3e6ed19,déjà présent,https://substack-post-media.s3.amazonaws.com/public/images/68b4bd57-cb9a-43ea-8b0c-2442458b9f44_948x1659.png
resilientia,resilientia/90dca107-e3a2-49d3-b8c4-71d20eed896c_1024x1536.png,3387586,f4db763969f8cf77e1fe64cbad2bcc05dd0b9171475604ad7bcbb91c625886ee,déjà présent,https://substack-post-media.s3.amazonaws.com/public/images/90dca107-e3a2-49d3-b8c4-71d20eed896c_1024x1536.png
resilientia,resilientia/96e9eefe-e1f6-4136-bd19-e5d794e611bc_1024x1536.png,3035601,5497b1ac64b4e0cf2e3a882a30092607c1349b885464554b5d04b0fb6b3cb058,déjà présent,https://substack-post-media.s3.amazonaws.com/public/images/96e9eefe-e1f6-4136-bd19-e5d794e611bc_1024x1536.png
resilientia,resilientia/d184da3b-1c91-44b2-b68a-c7647198dfb3_1024x1536.png,3342260,bf538c89a144484830eb73aa3d8e9a6c54545a89593a674ed9f0943bcfa3e133,déjà présent,https://substack-post-media.s3.amazonaws.com/public/images/d184da3b-1c91-44b2-b68a-c7647198dfb3_1024x1536.png
resilientia,resilientia/dab4ae41-25cd-4302-9e0a-a70eb9b0a899_2244x1668.png,6933902,09b8e0560406c7cf55ca4b18fb8a6b2621e0bf02f625abea7e8edfb6805e574c,lien vers l'original,https://substack-post-media.s3.amazonaws.com/public/images/dab4ae41-25cd-4302-9e0a-a70eb9b0a899_2244x1668.png
sale-arabe,sale-arabe/0b2633a9-9183-4335-8dd6-b136d5ae3c14_1086x1448.png,2920708,56ef3e65e704e5bdae276ac543bd6d5ccd11c6386d532c0ad7bda68bb5fea2d9,déjà présent,https://substack-post-media.s3.amazonaws.com/public/images/0b2633a9-9183-4335-8dd6-b136d5ae3c14_1086x1448.png
sale-arabe,sale-arabe/1c0d6522-3462-4d9d-832f-14532f9a4a74_1624x969.png,2672536,fd817a4209d1100050d5eaa22f33aaf23a93417da4f92f5ea348ed209517dc39,lien vers l'original,https://substack-post-media.s3.amazonaws.com/public/images/1c0d6522-3462-4d9d-832f-14532f9a4a74_1624x969.png
sale-arabe,sale-arabe/5b292281-62e6-4d61-bc6a-4cd32329e07d_1086x1448.png,2561260,972dde990b4c53c3ff211df58bba0beeb5344bcdeef415b04eb2dacba116bfd0,déjà présent,https://substack-post-media.s3.amazonaws.com/public/images/5b292281-62e6-4d61-bc6a-4cd32329e07d_1086x1448.png
sale-arabe,sale-arabe/b8bc0831-ca7b-4f40-b40a-3abb9af4e600_1600x2000.png,4352422,3f8275682ed36fd5590ecc5027167308612eb4509da5c170b2c187f3bc2788da,déjà présent,https://substack-post-media.s3.amazonaws.com/public/images/b8bc0831-ca7b-4f40-b40a-3abb9af4e600_1600x2000.png
sale-arabe,sale-arabe/cc5106d9-eae5-4b90-988c-b7c3aeeb143d_1086x1448.png,2640509,a06544804a50a82a85d08f83cf5c03365a80166aa6be4a28a7f3b20d909885fa,déjà présent,https://substack-post-media.s3.amazonaws.com/public/images/cc5106d9-eae5-4b90-988c-b7c3aeeb143d_1086x1448.png
sale-arabe,sale-arabe/e44b1294-39f9-43ad-b41a-d58192f1270f_1983x793.png,2587276,63f25629dcdf2c4fd896b90a8dea8045679a0fbe3ae154452b985168bb815715,lien vers l'original,https://substack-post-media.s3.amazonaws.com/public/images/e44b1294-39f9-43ad-b41a-d58192f1270f_1983x793.png
sale-arabe,sale-arabe/e7aff09a-bbbe-4404-a063-69d8dd2dcfcf_1086x1448.png,2840550,970b087ff87f965e77b96c3ae3865dd5ce31b9886a5dd911edf888ad9730df08,déjà présent,https://substack-post-media.s3.amazonaws.com/public/images/e7aff09a-bbbe-4404-a063-69d8dd2dcfcf_1086x1448.png
sale-arabe,sale-arabe/eb416589-99a8-4a14-b3ab-72f55ce7fded_1086x1448.png,2373374,f1bd515f875ff0871e68d638fadc03891e773e49d2b6538402871105859718a0,déjà présent,https://substack-post-media.s3.amazonaws.com/public/images/eb416589-99a8-4a14-b3ab-72f55ce7fded_1086x1448.png
salus,salus/007425dc-eafd-4f35-9b88-d551e222869e_1942x809.png,2922164,6e408764bcf453f5574ccdc63c25f0c605dbb4ba5ab9a4420dda435608db5e41,lien vers l'original,https://substack-post-media.s3.amazonaws.com/public/images/007425dc-eafd-4f35-9b88-d551e222869e_1942x809.png
salus,salus/02989640-7582-42d5-a779-c0612af2450d_1942x809.png,2660503,5e9adb244578eb53a75aeb6a359a54c6327906460d4d42b64671dc8481339b3d,lien vers l'original,https://substack-post-media.s3.amazonaws.com/public/images/02989640-7582-42d5-a779-c0612af2450d_1942x809.png
salus,salus/1c0d6522-3462-4d9d-832f-14532f9a4a74_1624x969.png,2672536,fd817a4209d1100050d5eaa22f33aaf23a93417da4f92f5ea348ed209517dc39,lien vers l'original,https://substack-post-media.s3.amazonaws.com/public/images/1c0d6522-3462-4d9d-832f-14532f9a4a74_1624x969.png
salus,salus/38107ae1-c3b3-4516-b1e2-7156f550fcd3_1024x1536.png,3107676,411c9b0a41391978f130debfe182fd97984f0bb965d41f96686781629d4338bc,déjà présent,https://substack-post-media.s3.amazonaws.com/public/images/38107ae1-c3b3-4516-b1e2-7156f550fcd3_1024x1536.png
salus,salus/3bc87bc0-802c-44fd-8a3c-e0367dd46256_1024x1536.png,3015898,35c2119235a2c81158a6976c4c53f7d4d468246c3e6f53b942dedd1f542f8329,déjà présent,https://substack-post-media.s3.amazonaws.com/public/images/3bc87bc0-802c-44fd-8a3c-e0367dd46256_1024x1536.png
salus,salus/3db19133-a324-40b4-a0eb-b8f4e8357656_1942x809.png,2776740,dc614ffc5152938fd1d40199de801aeb4952e1c06a15082e16153f6edd7b7fa8,lien vers l'original,https://substack-post-media.s3.amazonaws.com/public/images/3db19133-a324-40b4-a0eb-b8f4e8357656_1942x809.png
salus,salus/4dcbc81c-1438-4447-af1a-edf33307bcad_2244x1668.png,6933902,09b8e0560406c7cf55ca4b18fb8a6b2621e0bf02f625abea7e8edfb6805e574c,lien vers l'original,https://substack-post-media.s3.amazonaws.com/public/images/4dcbc81c-1438-4447-af1a-edf33307bcad_2244x1668.png
salus,salus/5354748e-1718-49ab-9d0e-edae0cf7e385_1024x1536.png,2974848,986b07107c7cce382393ae4da30977289d961bbf9b2e15f406a3bf1351972a93,déjà présent,https://substack-post-media.s3.amazonaws.com/public/images/5354748e-1718-49ab-9d0e-edae0cf7e385_1024x1536.png
salus,salus/537a3509-2d50-4baf-a46b-8dbec583a078_1942x809.png,2410731,f153b1baec9a623d5a4c23aa9a111d18c2bede1a74e68ea0f6d5149c95134301,lien vers l'original,https://substack-post-media.s3.amazonaws.com/public/images/537a3509-2d50-4baf-a46b-8dbec583a078_1942x809.png
salus,salus/5f114c9b-496a-43ed-adfb-74a11c434ffc_1942x809.png,2513817,bd25ad3711d27b7484ef7c1605abd650d93f2b05639327a51da98dcee11c03aa,lien vers l'original,https://substack-post-media.s3.amazonaws.com/public/images/5f114c9b-496a-43ed-adfb-74a11c434ffc_1942x809.png
salus,salus/612fec88-5573-4927-90f2-81805b5e7a01_1983x793.png,2587276,63f25629dcdf2c4fd896b90a8dea8045679a0fbe3ae154452b985168bb815715,lien vers l'original,https://substack-post-media.s3.amazonaws.com/public/images/612fec88-5573-4927-90f2-81805b5e7a01_1983x793.png
salus,salus/70386941-5746-49c2-9d86-cfbb7d3a7fa5_1024x1536.png,2744936,39e341cbc3b00ef8d60d68ecf6754ee6d01240588a22538481df2d5525acadcf,déjà présent,https://substack-post-media.s3.amazonaws.com/public/images/70386941-5746-49c2-9d86-cfbb7d3a7fa5_1024x1536.png
salus,salus/795746c1-4a8b-4100-9046-be9a7f7a6e1d_1024x1536.png,2998990,727bd0d45d7eb05c342fe06f92428ba265ab6947ee613989dbe6973b9fd9acb7,déjà présent,https://substack-post-media.s3.amazonaws.com/public/images/795746c1-4a8b-4100-9046-be9a7f7a6e1d_1024x1536.png
salus,salus/c431321b-2b23-4ace-83ec-d9b5886734f9_1024x1536.png,3040904,cb41c437154ac1e0410372f00efd14dfbf950f3d499c4faab6962729fcc38384,déjà présent,https://substack-post-media.s3.amazonaws.com/public/images/c431321b-2b23-4ace-83ec-d9b5886734f9_1024x1536.png
salus,salus/dab4ae41-25cd-4302-9e0a-a70eb9b0a899_2244x1668.png,6933902,09b8e0560406c7cf55ca4b18fb8a6b2621e0bf02f625abea7e8edfb6805e574c,lien vers l'original,https://substack-post-media.s3.amazonaws.com/public/images/dab4ae41-25cd-4302-9e0a-a70eb9b0a899_2244x1668.png
sapientia,sapientia/007425dc-eafd-4f35-9b88-d551e222869e_1942x809.png,2922164,6e408764bcf453f5574ccdc63c25f0c605dbb4ba5ab9a4420dda435608db5e41,lien vers l'original,https://substack-post-media.s3.amazonaws.com/public/images/007425dc-eafd-4f35-9b88-d551e222869e_1942x809.png
sapientia,sapientia/02989640-7582-42d5-a779-c0612af2450d_1942x809.png,2660503,5e9adb244578eb53a75aeb6a359a54c6327906460d4d42b64671dc8481339b3d,lien vers l'original,https://substack-post-media.s3.amazonaws.com/public/images/02989640-7582-42d5-a779-c0612af2450d_1942x809.png
sapientia,sapientia/0bd4558d-53e7-41bb-b93d-c20d4dd5ec27_1024x1536.png,3100517,142a01d75f03548d84818d73e21c57998189d90aa7be8f0987e5cd231923071e,déjà présent,https://substack-post-media.s3.amazonaws.com/public/images/0bd4558d-53e7-41bb-b93d-c20d4dd5ec27_1024x1536.png
sapientia,sapientia/153d4a56-fd53-4d41-aec7-10296b3f879f_1024x1536.png,3177511,e2362c835a3f5bed7a30df00479c07274f0d2c22fd84463a4b97ae69672e479d,déjà présent,https://substack-post-media.s3.amazonaws.com/public/images/153d4a56-fd53-4d41-aec7-10296b3f879f_1024x1536.png
sapientia,sapientia/1c0d6522-3462-4d9d-832f-14532f9a4a74_1624x969.png,2672536,fd817a4209d1100050d5eaa22f33aaf23a93417da4f92f5ea348ed209517dc39,lien vers l'original,https://substack-post-media.s3.amazonaws.com/public/images/1c0d6522-3462-4d9d-832f-14532f9a4a74_1624x969.png
sapientia,sapientia/25260100-390d-4f1a-8ebd-a7b65813ecf5_1024x1536.png,2978599,b391716b69c0943b03df74c1544fd1c33b49a865990b2bcec0ccd288eac9e3eb,déjà présent,https://substack-post-media.s3.amazonaws.com/public/images/25260100-390d-4f1a-8ebd-a7b65813ecf5_1024x1536.png
sapientia,sapientia/3db19133-a324-40b4-a0eb-b8f4e8357656_1942x809.png,2776740,dc614ffc5152938fd1d40199de801aeb4952e1c06a15082e16153f6edd7b7fa8,lien vers l'original,https://substack-post-media.s3.amazonaws.com/public/images/3db19133-a324-40b4-a0eb-b8f4e8357656_1942x809.png
sapientia,sapientia/43819ed7-0b60-439e-af09-a6bb323ae681_1024x1536.png,3037523,ca83ec69ef5c7b4adfa321c77ebdef904f7c338fcfa0f2acbcc38605a8c9f962,déjà présent,https://substack-post-media.s3.amazonaws.com/public/images/43819ed7-0b60-439e-af09-a6bb323ae681_1024x1536.png
sapientia,sapientia/4dcbc81c-1438-4447-af1a-edf33307bcad_2244x1668.png,6933902,09b8e0560406c7cf55ca4b18fb8a6b2621e0bf02f625abea7e8edfb6805e574c,lien vers l'original,https://substack-post-media.s3.amazonaws.com/public/images/4dcbc81c-1438-4447-af1a-edf33307bcad_2244x1668.png
sapientia,sapientia/537a3509-2d50-4baf-a46b-8dbec583a078_1942x809.png,2410731,f153b1baec9a623d5a4c23aa9a111d18c2bede1a74e68ea0f6d5149c95134301,lien vers l'original,https://substack-post-media.s3.amazonaws.com/public/images/537a3509-2d50-4baf-a46b-8dbec583a078_1942x809.png
sapientia,sapientia/5f114c9b-496a-43ed-adfb-74a11c434ffc_1942x809.png,2513817,bd25ad3711d27b7484ef7c1605abd650d93f2b05639327a51da98dcee11c03aa,lien vers l'original,https://substack-post-media.s3.amazonaws.com/public/images/5f114c9b-496a-43ed-adfb-74a11c434ffc_1942x809.png
sapientia,sapientia/612fec88-5573-4927-90f2-81805b5e7a01_1983x793.png,2587276,63f25629dcdf2c4fd896b90a8dea8045679a0fbe3ae154452b985168bb815715,lien vers l'original,https://substack-post-media.s3.amazonaws.com/public/images/612fec88-5573-4927-90f2-81805b5e7a01_1983x793.png
sapientia,sapientia/6fff5650-2242-4a01-8a02-4f5f9ef9d8cf_1024x1536.png,2924593,36bfbdcd3d762ec7d3f8d167140fd3ac05b391c048a6982fa74c5e4b27e852ca,déjà présent,https://substack-post-media.s3.amazonaws.com/public/images/6fff5650-2242-4a01-8a02-4f5f9ef9d8cf_1024x1536.png
sapientia,sapientia/d237aeb9-7524-462b-9945-723383f25aa9_1024x1536.png,3170805,7b142f85c6d546401360f89d1f6aaae601fad621c3125e819ab31922d4edde17,déjà présent,https://substack-post-media.s3.amazonaws.com/public/images/d237aeb9-7524-462b-9945-723383f25aa9_1024x1536.png
sapientia,sapientia/dab4ae41-25cd-4302-9e0a-a70eb9b0a899_2244x1668.png,6933902,09b8e0560406c7cf55ca4b18fb8a6b2621e0bf02f625abea7e8edfb6805e574c,lien vers l'original,https://substack-post-media.s3.amazonaws.com/public/images/dab4ae41-25cd-4302-9e0a-a70eb9b0a899_2244x1668.png
scientia,scientia/007425dc-eafd-4f35-9b88-d551e222869e_1942x809.png,2922164,6e408764bcf453f5574ccdc63c25f0c605dbb4ba5ab9a4420dda435608db5e41,lien vers l'original,https://substack-post-media.s3.amazonaws.com/public/images/007425dc-eafd-4f35-9b88-d551e222869e_1942x809.png
scientia,scientia/02989640-7582-42d5-a779-c0612af2450d_1942x809.png,2660503,5e9adb244578eb53a75aeb6a359a54c6327906460d4d42b64671dc8481339b3d,lien vers l'original,https://substack-post-media.s3.amazonaws.com/public/images/02989640-7582-42d5-a779-c0612af2450d_1942x809.png
scientia,scientia/1c0d6522-3462-4d9d-832f-14532f9a4a74_1624x969.png,2672536,fd817a4209d1100050d5eaa22f33aaf23a93417da4f92f5ea348ed209517dc39,lien vers l'original,https://substack-post-media.s3.amazonaws.com/public/images/1c0d6522-3462-4d9d-832f-14532f9a4a74_1624x969.png
scientia,scientia/1c621228-89f0-4d44-931b-38911428d748_1023x1537.png,2884705,f370b8d2744af71483264c1406676604426e44763adc01b5b0f8e55020e142b1,déjà présent,https://substack-post-media.s3.amazonaws.com/public/images/1c621228-89f0-4d44-931b-38911428d748_1023x1537.png
scientia,scientia/3db19133-a324-40b4-a0eb-b8f4e8357656_1942x809.png,2776740,dc614ffc5152938fd1d40199de801aeb4952e1c06a15082e16153f6edd7b7fa8,lien vers l'original,https://substack-post-media.s3.amazonaws.com/public/images/3db19133-a324-40b4-a0eb-b8f4e8357656_1942x809.png
scientia,scientia/4dcbc81c-1438-4447-af1a-edf33307bcad_2244x1668.png,6933902,09b8e0560406c7cf55ca4b18fb8a6b2621e0bf02f625abea7e8edfb6805e574c,lien vers l'original,https://substack-post-media.s3.amazonaws.com/public/images/4dcbc81c-1438-4447-af1a-edf33307bcad_2244x1668.png
scientia,scientia/51432974-e16c-44e3-9fde-04de07485149_1024x1536.png,2635582,2971cfdef39e8e01b81786c640462e5825b6900c873ebea98fa90e859d4fbb81,déjà présent,https://substack-post-media.s3.amazonaws.com/public/images/51432974-e16c-44e3-9fde-04de07485149_1024x1536.png
scientia,scientia/537a3509-2d50-4baf-a46b-8dbec583a078_1942x809.png,2410731,f153b1baec9a623d5a4c23aa9a111d18c2bede1a74e68ea0f6d5149c95134301,lien vers l'original,https://substack-post-media.s3.amazonaws.com/public/images/537a3509-2d50-4baf-a46b-8dbec583a078_1942x809.png
scientia,scientia/5f114c9b-496a-43ed-adfb-74a11c434ffc_1942x809.png,2513817,bd25ad3711d27b7484ef7c1605abd650d93f2b05639327a51da98dcee11c03aa,lien vers l'original,https://substack-post-media.s3.amazonaws.com/public/images/5f114c9b-496a-43ed-adfb-74a11c434ffc_1942x809.png
scientia,scientia/612fec88-5573-4927-90f2-81805b5e7a01_1983x793.png,2587276,63f25629dcdf2c4fd896b90a8dea8045679a0fbe3ae154452b985168bb815715,lien vers l'original,https://substack-post-media.s3.amazonaws.com/public/images/612fec88-5573-4927-90f2-81805b5e7a01_1983x793.png
scientia,scientia/965381fd-39d1-400b-8a09-0ff49f62256d_1024x1536.png,2777807,a21d431878f5d342636a6f935b9d84b774fc6c54631cf318ad34b4d47e926d37,déjà présent,https://substack-post-media.s3.amazonaws.com/public/images/965381fd-39d1-400b-8a09-0ff49f62256d_1024x1536.png
scientia,scientia/ad5f89f7-c524-4194-a58d-6747bc7ba195_1024x1536.png,3122923,f3831a8626b2e64524c14d6164369e36af35c2974e8bd0bcd740c183b40a9f72,déjà présent,https://substack-post-media.s3.amazonaws.com/public/images/ad5f89f7-c524-4194-a58d-6747bc7ba195_1024x1536.png
scientia,scientia/c3c7a6df-b6e3-4b30-8513-a4a9a0fdeec9_1024x1536.png,2788487,b9977257d5865317d45b119f20973fb359d5a4786273a7ba170b355e7bb1fad6,déjà présent,https://substack-post-media.s3.amazonaws.com/public/images/c3c7a6df-b6e3-4b30-8513-a4a9a0fdeec9_1024x1536.png
scientia,scientia/d4930000-a76b-4b53-a0ff-5cbf7cbc57f1_1023x1537.png,2933383,0831c81de360061b4115a657cd98688971f7367a00b7dc1c0d66c662ef5984ab,déjà présent,https://substack-post-media.s3.amazonaws.com/public/images/d4930000-a76b-4b53-a0ff-5cbf7cbc57f1_1023x1537.png
scientia,scientia/dab4ae41-25cd-4302-9e0a-a70eb9b0a899_2244x1668.png,6933902,09b8e0560406c7cf55ca4b18fb8a6b2621e0bf02f625abea7e8edfb6805e574c,déjà présent,https://substack-post-media.s3.amazonaws.com/public/images/dab4ae41-25cd-4302-9e0a-a70eb9b0a899_2244x1668.png
techno-sapiens-i,techno-sapiens-i/1c0d6522-3462-4d9d-832f-14532f9a4a74_1624x969.png,2672536,fd817a4209d1100050d5eaa22f33aaf23a93417da4f92f5ea348ed209517dc39,lien vers l'original,https://substack-post-media.s3.amazonaws.com/public/images/1c0d6522-3462-4d9d-832f-14532f9a4a74_1624x969.png
techno-sapiens-i,techno-sapiens-i/2364157b-e308-44c2-b393-3f0fd5303023_1536x1024.png,2237653,5ff20036044c6cdc5f13d91b90d553b95c83decb0fef7c3004178104112a9dd3,déjà présent,https://substack-post-media.s3.amazonaws.com/public/images/2364157b-e308-44c2-b393-3f0fd5303023_1536x1024.png
techno-sapiens-i,techno-sapiens-i/3420f9f7-c68e-4b2d-933c-7ef4caab2523_1122x1402.png,2811832,5c680a4c488e75a33ca60623576b85f1c861691084673338276b50b416807b06,déjà présent,https://substack-post-media.s3.amazonaws.com/public/images/3420f9f7-c68e-4b2d-933c-7ef4caab2523_1122x1402.png
techno-sapiens-i,techno-sapiens-i/44a72895-c434-4bbe-af6d-af17d199085a_1536x1024.png,2039627,e843bfac0c0fdffbf0c61971907ea434b87db5a7d44710d370797c6690349d48,déjà présent,https://substack-post-media.s3.amazonaws.com/public/images/44a72895-c434-4bbe-af6d-af17d199085a_1536x1024.png
techno-sapiens-i,techno-sapiens-i/49b75398-53c2-41a5-8260-d60955c937a5_1536x1024.png,2311687,b6b0a571b658ac4397349ee3d19b73223f1c11c6a25bb00cdb81e331cec29260,déjà présent,https://substack-post-media.s3.amazonaws.com/public/images/49b75398-53c2-41a5-8260-d60955c937a5_1536x1024.png
techno-sapiens-i,techno-sapiens-i/6262c8b2-3568-44e5-8056-902b9c416338_1122x1402.png,2587340,08af588941e52cacf29fba8c214690da0dce555aeebf5ab4c6c4b83ee42fbf81,déjà présent,https://substack-post-media.s3.amazonaws.com/public/images/6262c8b2-3568-44e5-8056-902b9c416338_1122x1402.png
techno-sapiens-i,techno-sapiens-i/deb42232-5474-4641-9bb6-f8722d2d4d23_1122x1402.png,2624855,ec7060c72560f52b30d043567e0f7ba78135543918e19c7e0c40b57fc9ed42bc,déjà présent,https://substack-post-media.s3.amazonaws.com/public/images/deb42232-5474-4641-9bb6-f8722d2d4d23_1122x1402.png
techno-sapiens-i,techno-sapiens-i/e44b1294-39f9-43ad-b41a-d58192f1270f_1983x793.png,2587276,63f25629dcdf2c4fd896b90a8dea8045679a0fbe3ae154452b985168bb815715,lien vers l'original,https://substack-post-media.s3.amazonaws.com/public/images/e44b1294-39f9-43ad-b41a-d58192f1270f_1983x793.png
techno-sapiens-i,techno-sapiens-i/fbc8f04c-edfc-494c-a468-bf1ebf842ff9_1122x1402.png,2480313,04fde32c8686ceddc435d6a161d9f4adedae4ef6da302bbf14d83d1135eb7bac,déjà présent,https://substack-post-media.s3.amazonaws.com/public/images/fbc8f04c-edfc-494c-a468-bf1ebf842ff9_1122x1402.png
techno-sapiens-ii,techno-sapiens-ii/1c0d6522-3462-4d9d-832f-14532f9a4a74_1624x969.png,2672536,fd817a4209d1100050d5eaa22f33aaf23a93417da4f92f5ea348ed209517dc39,lien vers l'original,https://substack-post-media.s3.amazonaws.com/public/images/1c0d6522-3462-4d9d-832f-14532f9a4a74_1624x969.png
techno-sapiens-ii,techno-sapiens-ii/28914d98-c658-4145-96b4-43a1097b5dcc_1122x1402.png,2680237,1464bcfad777a71eabc42288af08de62b456e01f4a7baf0cfa65de84e56e8968,déjà présent,https://substack-post-media.s3.amazonaws.com/public/images/28914d98-c658-4145-96b4-43a1097b5dcc_1122x1402.png
techno-sapiens-ii,techno-sapiens-ii/3f22fc90-b3ad-4b99-88f5-c453a5b63655_1448x1086.png,2257279,344b54767380cc235a0e1cd63eaef42fc35f6fbd5ba6c1a5329aadf1e066a81d,déjà présent,https://substack-post-media.s3.amazonaws.com/public/images/3f22fc90-b3ad-4b99-88f5-c453a5b63655_1448x1086.png
techno-sapiens-ii,techno-sapiens-ii/51200dcd-b5e5-4235-9d74-d1219930cd64_1122x1402.png,2859016,11c4b779b0949024fc9834a83453e4f773e104c8f9a414895352dec0f14f8e9c,déjà présent,https://substack-post-media.s3.amazonaws.com/public/images/51200dcd-b5e5-4235-9d74-d1219930cd64_1122x1402.png
techno-sapiens-ii,techno-sapiens-ii/69b0bcb9-2d11-441b-a433-23845eeca450_1052x1495.png,2571328,e92a1dbd77b78cc8ac2a53b089e93f6b60dc6865e876f27fceba63bdf5e147b8,déjà présent,https://substack-post-media.s3.amazonaws.com/public/images/69b0bcb9-2d11-441b-a433-23845eeca450_1052x1495.png
techno-sapiens-ii,techno-sapiens-ii/7f6ff3e4-8710-47a9-8de6-1988643c5da0_1448x1086.png,2065428,c28c68392d09ba8fe9668a0a5df0ecaa3e5db431e6a6e8d174627b9708ffc560,déjà présent,https://substack-post-media.s3.amazonaws.com/public/images/7f6ff3e4-8710-47a9-8de6-1988643c5da0_1448x1086.png
techno-sapiens-ii,techno-sapiens-ii/977b5547-55eb-4288-bdc9-3e6d845c85c6_1492x1054.png,2445972,4884c6a503ad9a20963acb7b983b2a39dc3749a0ab0d9a13e4d12a218111048c,déjà présent,https://substack-post-media.s3.amazonaws.com/public/images/977b5547-55eb-4288-bdc9-3e6d845c85c6_1492x1054.png
techno-sapiens-ii,techno-sapiens-ii/ccb896a5-a3e7-48d4-9bc3-b59240177f88_1122x1402.png,3030945,269a69b230815bb16b4932d89dbb31351cbfb22f7e7ec3297b5b8fdb5752896c,déjà présent,https://substack-post-media.s3.amazonaws.com/public/images/ccb896a5-a3e7-48d4-9bc3-b59240177f88_1122x1402.png
techno-sapiens-ii,techno-sapiens-ii/d0b6fbf3-2d20-4251-afea-5ce048c8681e_1122x1402.png,2533672,f731a515793e241a7860cb1da2636d0f9c63fe4bb117b93efae7abf429c4611e,déjà présent,https://substack-post-media.s3.amazonaws.com/public/images/d0b6fbf3-2d20-4251-afea-5ce048c8681e_1122x1402.png
techno-sapiens-ii,techno-sapiens-ii/e04f581b-de75-4769-9f4e-49d818ee9c89_1402x1122.png,2284198,bc611852b1f0de4a9ba78fa631e7cdeeec74ddd3557264859a80b8f0777f9b31,déjà présent,https://substack-post-media.s3.amazonaws.com/public/images/e04f581b-de75-4769-9f4e-49d818ee9c89_1402x1122.png
techno-sapiens-ii,techno-sapiens-ii/e44b1294-39f9-43ad-b41a-d58192f1270f_1983x793.png,2587276,63f25629dcdf2c4fd896b90a8dea8045679a0fbe3ae154452b985168bb815715,lien vers l'original,https://substack-post-media.s3.amazonaws.com/public/images/e44b1294-39f9-43ad-b41a-d58192f1270f_1983x793.png
techno-sapiens-ii,techno-sapiens-ii/ffd4e008-0375-4952-9cf3-519819fbfe5a_1052x1495.png,2587435,1f609503222a26e0d243702ed1d5365d82e49929d77a510303439b2317a75cff,déjà présent,https://substack-post-media.s3.amazonaws.com/public/images/ffd4e008-0375-4952-9cf3-519819fbfe5a_1052x1495.png
techno-sapiens-iii,techno-sapiens-iii/5b2e27c1-34c5-467a-9a27-3f857195ec8e_1122x1402.png,2824528,952907014cd7b30434a342395ea79244827309f3cb9d979a994cbd0fb6e75eaf,déjà présent,https://substack-post-media.s3.amazonaws.com/public/images/5b2e27c1-34c5-467a-9a27-3f857195ec8e_1122x1402.png
techno-sapiens-iii,techno-sapiens-iii/6e062323-5872-48be-84d0-600d18d32715_1047x1501.png,2968621,7a4b1286f5f572d3da5dcaf0d82d0e3d4e6672298508e68be73b316fae6e08dc,déjà présent,https://substack-post-media.s3.amazonaws.com/public/images/6e062323-5872-48be-84d0-600d18d32715_1047x1501.png
techno-sapiens-iii,techno-sapiens-iii/9f64990e-f637-4072-a967-567ae1ba1748_1448x1086.webp,259408,e5d4d22b1df6b5a6fd13f8e74b19c185aa77bd073318e1180ed8851b2ee3172b,déjà présent,https://substack-post-media.s3.amazonaws.com/public/images/9f64990e-f637-4072-a967-567ae1ba1748_1448x1086.webp
techno-sapiens-iii,techno-sapiens-iii/a8e3bcf7-6ee8-450e-8329-d3715e9fd394_1055x1491.png,3066248,1e9cf8cdeb2d4303e365526e67e5a8ead1cfb6f17074554f8043ad1b0fb30fb8,déjà présent,https://substack-post-media.s3.amazonaws.com/public/images/a8e3bcf7-6ee8-450e-8329-d3715e9fd394_1055x1491.png
techno-sapiens-iii,techno-sapiens-iii/bd090f50-b50d-4844-a63b-26f047da73d3_1122x1402.png,2830652,d70c077537dd15bbe0e302e09c604086d74f415e3ba5be4f87c15d53b8f766bb,déjà présent,https://substack-post-media.s3.amazonaws.com/public/images/bd090f50-b50d-4844-a63b-26f047da73d3_1122x1402.png
techno-sapiens-iii,techno-sapiens-iii/c7165632-0f14-489a-8cda-7ea5bdb473cd_1123x1401.png,3002106,9e067b579d914dede60d557481cef6f6845558f26ef1353619c9b8e66f693fda,déjà présent,https://substack-post-media.s3.amazonaws.com/public/images/c7165632-0f14-489a-8cda-7ea5bdb473cd_1123x1401.png
techno-sapiens-iii,techno-sapiens-iii/cd361a96-4c29-46c3-a1b4-33c592b6169d_1122x1402.png,2650925,f945768f4cd0f43069f05abf9172a5783573052d9dc33b12654d385cbf3cd6ad,déjà présent,https://substack-post-media.s3.amazonaws.com/public/images/cd361a96-4c29-46c3-a1b4-33c592b6169d_1122x1402.png
techno-sapiens-iii,techno-sapiens-iii/d76d0010-5634-4567-bd8d-48e9c80ce2ad_1086x1448.png,2670491,ff6293ff09b4a56a2a08267c6ff81ba19d12ccc066dbaa94c636786a566fba12,déjà présent,https://substack-post-media.s3.amazonaws.com/public/images/d76d0010-5634-4567-bd8d-48e9c80ce2ad_1086x1448.png
univers-mentis-prime-le-socle-axial,univers-mentis-prime-le-socle-axial/3f68da21-8d84-48e9-b369-e10207d71c61_1080x705.jpeg,112042,a9751ec06626d14b6b3c46562025aac3bde9aebeef1c8008edd910ec21caa7ed,lien vers l'original,https://substack-post-media.s3.amazonaws.com/public/images/3f68da21-8d84-48e9-b369-e10207d71c61_1080x705.jpeg
univers-mentis-prime-le-socle-axial,univers-mentis-prime-le-socle-axial/8bb89a21-5267-4aa3-a2e7-9801c1f1b956_865x756.jpeg,299352,5c900ce57893a0f52a2d395eb9cebb2cb31952a01246203beadbe4025c09d6eb,déjà présent,https://substack-post-media.s3.amazonaws.com/public/images/8bb89a21-5267-4aa3-a2e7-9801c1f1b956_865x756.jpeg
univers-mentis-prime-le-socle-axial,univers-mentis-prime-le-socle-axial/a3ba83cc-964b-4831-ad72-8dc44218c8d0_1010x1264.jpeg,969817,e7fc08cec4db146dc0e4219707080265917bba35695c524a00209150a1b10af4,déjà présent,https://substack-post-media.s3.amazonaws.com/public/images/a3ba83cc-964b-4831-ad72-8dc44218c8d0_1010x1264.jpeg
versus,versus/1c0d6522-3462-4d9d-832f-14532f9a4a74_1624x969.png,2672536,fd817a4209d1100050d5eaa22f33aaf23a93417da4f92f5ea348ed209517dc39,lien vers l'original,https://substack-post-media.s3.amazonaws.com/public/images/1c0d6522-3462-4d9d-832f-14532f9a4a74_1624x969.png
versus,versus/4092711f-64bf-42e5-b9bb-4dadafc90c44_1054x1492.png,2831742,611af4cb876525e11e408d1decf553ca5413ee561940e5879910d70cf5ab30aa,déjà présent,https://substack-post-media.s3.amazonaws.com/public/images/4092711f-64bf-42e5-b9bb-4dadafc90c44_1054x1492.png
versus,versus/7380f339-1fae-4c78-9be6-67c5e457c84a_1054x1492.png,2424517,2fed5fea8c3f6a700c829851ca442995f865080496639a45515df45b00868f78,déjà présent,https://substack-post-media.s3.amazonaws.com/public/images/7380f339-1fae-4c78-9be6-67c5e457c84a_1054x1492.png
versus,versus/7e5f789d-3b6b-4e35-bb18-ef553c2e38aa_1054x1492.png,2688232,6b55300e294c1c680a1d1b9ed16b2468e010f0d336aeb49e69f64f3ea3555e7f,déjà présent,https://substack-post-media.s3.amazonaws.com/public/images/7e5f789d-3b6b-4e35-bb18-ef553c2e38aa_1054x1492.png
versus,versus/9e16b9c0-fa2f-43ac-8b7f-71f5bfd5a3ed_1024x1536.png,2735544,fe2d2ac0b1095e45c429458fc71fa24765ba5073da6b6a7b2c77b3f3aff377e6,déjà présent,https://substack-post-media.s3.amazonaws.com/public/images/9e16b9c0-fa2f-43ac-8b7f-71f5bfd5a3ed_1024x1536.png
versus,versus/9f74e44e-c4bb-46ee-93ae-6a83ea2c1a7f_1054x1492.png,2506974,7ab11a1420bdb22a7110f85da96ec0f94d774059a11a501fe16706c556e57a38,déjà présent,https://substack-post-media.s3.amazonaws.com/public/images/9f74e44e-c4bb-46ee-93ae-6a83ea2c1a7f_1054x1492.png
versus,versus/cee44b5c-c12f-40be-863e-0db2de5111d1_1054x1492.png,2401697,48fbb28ccb1e7c99e02fdff476d888af30182da65d14e78e50a918d3f4122b17,déjà présent,https://substack-post-media.s3.amazonaws.com/public/images/cee44b5c-c12f-40be-863e-0db2de5111d1_1054x1492.png
versus,versus/e44b1294-39f9-43ad-b41a-d58192f1270f_1983x793.png,2587276,63f25629dcdf2c4fd896b90a8dea8045679a0fbe3ae154452b985168bb815715,lien vers l'original,https://substack-post-media.s3.amazonaws.com/public/images/e44b1294-39f9-43ad-b41a-d58192f1270f_1983x793.png
