slug,post_id,url
la-theorie-de-lhomme-vertical-et,181535117,https://substack-post-media.s3.amazonaws.com/public/images/d8cb8633-e6e4-4193-aca1-fe3d84c504ec_1080x705.jpeg
individu-vertical-dans-un-monde-horizontal,181540292,https://substack-post-media.s3.amazonaws.com/public/images/6e5283e3-9ab7-4f14-af31-1584870dd061_1080x705.jpeg
individu-vertical-dans-un-monde-horizontal-dd6,181545614,https://substack-post-media.s3.amazonaws.com/public/images/7b141483-6e4d-4969-940a-dbf4d69ca78b_1080x705.jpeg
le-potentiel-latent,181581572,https://substack-post-media.s3.amazonaws.com/public/images/751522ec-7086-4d28-8d2e-6e59afc853b4_1080x705.jpeg
la-crise-existentielle,181671747,https://substack-post-media.s3.amazonaws.com/public/images/8af29673-cde3-49c7-a776-6b2f910f9686_982x1230.jpeg
la-crise-existentielle,181671747,https://substack-post-media.s3.amazonaws.com/public/images/f3546e57-2b01-430f-9f39-c6c8921aecf2_1080x705.jpeg
lenfant-interieur,181673231,https://substack-post-media.s3.amazonaws.com/public/images/b994ff71-3643-4875-a2f1-c63a3d2afd8a_986x1230.jpeg
lenfant-interieur,181673231,https://substack-post-media.s3.amazonaws.com/public/images/dd951f9e-6bae-470c-87fc-d8a39ba06ba6_986x1231.jpeg
lenfant-interieur,181673231,https://substack-post-media.s3.amazonaws.com/public/images/121e31b8-83e6-4eb6-8c94-8feee28592b2_1080x705.jpeg
le-heros-interieur,181674131,https://substack-post-media.s3.amazonaws.com/public/images/e3344b5c-8987-4777-bf06-2e37db60a90c_983x1226.jpeg
le-heros-interieur,181674131,https://substack-post-media.s3.amazonaws.com/public/images/54f78a51-accb-414f-9f54-04c6d8a23e74_977x1218.jpeg
le-heros-interieur,181674131,https://substack-post-media.s3.amazonaws.com/public/images/3f68da21-8d84-48e9-b369-e10207d71c61_1080x705.jpeg
le-sage-interieur,181674964,https://substack-post-media.s3.amazonaws.com/public/images/20a03843-dc18-4604-a268-2d7f32e8b45e_992x1230.jpeg
le-sage-interieur,181674964,https://substack-post-media.s3.amazonaws.com/public/images/0126d38a-9611-4a00-a5f7-520d15ee07eb_1080x648.jpeg
le-sage-interieur,181674964,https://substack-post-media.s3.amazonaws.com/public/images/eb2d541d-554f-4115-9bcc-616a9f352f7c_1080x705.jpeg
le-juge-interieur,181676901,https://substack-post-media.s3.amazonaws.com/public/images/8f75d1f9-9931-480b-b869-48a9badf1786_990x1233.jpeg
le-juge-interieur,181676901,https://substack-post-media.s3.amazonaws.com/public/images/3a43f358-d69b-487b-ac67-4cf9e77f1cd1_1080x705.jpeg
le-demon-interieur,181677209,https://substack-post-media.s3.amazonaws.com/public/images/1b96e675-201b-42fe-99d9-8898e80b93ea_987x1233.jpeg
le-demon-interieur,181677209,https://substack-post-media.s3.amazonaws.com/public/images/9b878e5f-a354-4dbd-a433-d71ec5c77ba2_1080x705.jpeg
lenfant-transcende,181679949,https://substack-post-media.s3.amazonaws.com/public/images/ef553335-cb5c-4205-ab3f-399f5f8893ee_991x1224.jpeg
lenfant-transcende,181679949,https://substack-post-media.s3.amazonaws.com/public/images/ef821b9d-4185-4ecb-b557-8440f73dbaa9_988x1229.jpeg
lenfant-transcende,181679949,https://substack-post-media.s3.amazonaws.com/public/images/d72ae26b-b626-4b92-b936-15d0c137818a_1080x705.jpeg
epicotherapie,181837233,https://substack-post-media.s3.amazonaws.com/public/images/8e64479c-e9f2-45eb-acc8-e3f6d5f54117_988x1219.jpeg
epicotherapie,181837233,https://substack-post-media.s3.amazonaws.com/public/images/7ab2f986-fb3f-4f20-a080-5c6f1a4ba9e9_1024x1536.jpeg
epicotherapie,181837233,https://substack-post-media.s3.amazonaws.com/public/images/f85e71d9-6a1f-4965-8a03-e432287795a0_986x1224.jpeg
epicotherapie,181837233,https://substack-post-media.s3.amazonaws.com/public/images/b468d80d-f496-453b-8d0f-633eb73c42de_982x1228.jpeg
epicotherapie,181837233,https://substack-post-media.s3.amazonaws.com/public/images/2dcbf295-c248-4736-8060-93105d7be9d1_984x1231.jpeg
epicotherapie,181837233,https://substack-post-media.s3.amazonaws.com/public/images/84c9b3a8-2120-46ab-a97e-c4cdb67a16a5_985x1227.jpeg
epicotherapie,181837233,https://substack-post-media.s3.amazonaws.com/public/images/3245e63d-138f-4e0e-a56f-37f236fdb948_986x1233.jpeg
epicotherapie,181837233,https://substack-post-media.s3.amazonaws.com/public/images/a98b4691-4640-4d84-acd9-7c0d0893fc64_984x1229.jpeg
epicotherapie,181837233,https://substack-post-media.s3.amazonaws.com/public/images/3b8b402e-33ba-4017-bccf-f1f3e29271cc_968x1227.jpeg
epicotherapie,181837233,https://substack-post-media.s3.amazonaws.com/public/images/bfede610-e2c7-4312-9a0d-c44099d429fd_985x1226.jpeg
epicotherapie,181837233,https://substack-post-media.s3.amazonaws.com/public/images/7c16715f-e82d-4018-b973-b0409746b5cc_984x1237.jpeg
epicotherapie,181837233,https://substack-post-media.s3.amazonaws.com/public/images/a0822aac-7d81-481b-b9cf-47d868efba5c_989x1231.jpeg
epicotherapie,181837233,https://substack-post-media.s3.amazonaws.com/public/images/35143542-3f86-4e8f-b997-e6fd4a99d7fd_979x1221.jpeg
epicotherapie,181837233,https://substack-post-media.s3.amazonaws.com/public/images/25c2f6b8-9210-4d13-80dc-faddacc169cf_972x1229.jpeg
epicotherapie,181837233,https://substack-post-media.s3.amazonaws.com/public/images/f756cc71-af81-4cbc-be6d-07bb1e10dbfa_986x1227.jpeg
epicotherapie,181837233,https://substack-post-media.s3.amazonaws.com/public/images/e18b5289-c8a7-4584-b2d7-3dff0c10cf05_984x1229.jpeg
epicotherapie,181837233,https://substack-post-media.s3.amazonaws.com/public/images/9d55bf7d-19ac-4479-97a5-c0ae56bc014a_985x1244.jpeg
epicotherapie,181837233,https://substack-post-media.s3.amazonaws.com/public/images/6d6187b3-7454-42df-b277-d4a6dd112eb4_989x1229.jpeg
epicotherapie,181837233,https://substack-post-media.s3.amazonaws.com/public/images/68842492-af4d-4a6a-8d9a-26c41a033b6e_969x1235.jpeg
epicotherapie,181837233,https://substack-post-media.s3.amazonaws.com/public/images/1e489c31-370a-4a54-bf4b-2794be69f64e_1080x425.jpeg
epicotherapie,181837233,https://substack-post-media.s3.amazonaws.com/public/images/b7c298a8-ee64-4ea0-b509-72e504a9d659_1080x1882.jpeg
epicotherapie,181837233,https://substack-post-media.s3.amazonaws.com/public/images/a42c78e2-cff8-4725-b597-77e94e48951d_974x1234.jpeg
epicotherapie,181837233,https://substack-post-media.s3.amazonaws.com/public/images/e37c82eb-d72c-4e16-831d-ebadf6491cf4_986x1238.jpeg
epicotherapie,181837233,https://substack-post-media.s3.amazonaws.com/public/images/7e522206-4b5f-4b80-b0aa-bcdca15e3269_985x1227.jpeg
epicotherapie,181837233,https://substack-post-media.s3.amazonaws.com/public/images/5b5dc42c-b28f-46eb-94d9-4a5eba428d1f_779x182.jpeg
epicotherapie,181837233,https://substack-post-media.s3.amazonaws.com/public/images/b75c0964-218c-4b40-b17f-23c72048abb7_470x531.png
epicotherapie,181837233,https://substack-post-media.s3.amazonaws.com/public/images/83f6e437-ae26-44cf-83e6-6966b25862f7_1080x705.jpeg
ia-verticale-vers-une-super-intelligence,182057408,https://substack-post-media.s3.amazonaws.com/public/images/b8e98375-c70d-432d-9766-2617f12c838e_985x1233.jpeg
ia-verticale-vers-une-super-intelligence,182057408,https://substack-post-media.s3.amazonaws.com/public/images/9eaae39d-bef7-4d88-bca2-49c0f987beb6_968x1227.jpeg
ia-verticale-vers-une-super-intelligence,182057408,https://substack-post-media.s3.amazonaws.com/public/images/c70386a7-6b64-421f-ae0f-4f6f2c00f6af_989x1238.jpeg
ia-verticale-vers-une-super-intelligence,182057408,https://substack-post-media.s3.amazonaws.com/public/images/78aff9bd-99d0-472b-b427-cc7465969b34_985x1239.jpeg
ia-verticale-vers-une-super-intelligence,182057408,https://substack-post-media.s3.amazonaws.com/public/images/da7df502-fae6-4917-87da-9df809270df6_1080x705.jpeg
le-chromato-symbolique-vs-le-semanto,182136155,https://substack-post-media.s3.amazonaws.com/public/images/ec4b6418-dbbd-46d9-b64e-575654801a11_987x1238.jpeg
le-chromato-symbolique-vs-le-semanto,182136155,https://substack-post-media.s3.amazonaws.com/public/images/e3f89d85-58d2-409b-b4e0-09df437288cd_998x1238.jpeg
le-chromato-symbolique-vs-le-semanto,182136155,https://substack-post-media.s3.amazonaws.com/public/images/7f47ef2a-f50b-4d0f-839b-0e4e1b810975_1009x1245.jpeg
le-chromato-symbolique-vs-le-semanto,182136155,https://substack-post-media.s3.amazonaws.com/public/images/232470a9-2a53-4d41-9603-e3ffd469ebe6_1080x705.jpeg
letrejectif-langle-mort-de-lesprit,182373886,https://substack-post-media.s3.amazonaws.com/public/images/4da9efea-25f7-4804-8cca-05b290c69f1d_989x1238.jpeg
letrejectif-langle-mort-de-lesprit,182373886,https://substack-post-media.s3.amazonaws.com/public/images/e00c547c-2637-41c0-a2b3-86701ae66f4b_981x1225.jpeg
letrejectif-langle-mort-de-lesprit,182373886,https://substack-post-media.s3.amazonaws.com/public/images/3f68da21-8d84-48e9-b369-e10207d71c61_1080x705.jpeg
les-8-valeurs-fondamentales-epiques,182458857,https://substack-post-media.s3.amazonaws.com/public/images/e19c659e-f46f-4319-9dea-960b04499573_987x1228.jpeg
les-8-valeurs-fondamentales-epiques,182458857,https://substack-post-media.s3.amazonaws.com/public/images/e8b3520d-ed8a-4dae-b3a4-2d3d99869d58_1024x1536.jpeg
les-8-valeurs-fondamentales-epiques,182458857,https://substack-post-media.s3.amazonaws.com/public/images/c02732a4-df5f-4600-9f36-6acce276f302_985x1230.jpeg
les-8-valeurs-fondamentales-epiques,182458857,https://substack-post-media.s3.amazonaws.com/public/images/55f84981-efa2-4861-bc55-ee7232573648_984x1231.jpeg
les-8-valeurs-fondamentales-epiques,182458857,https://substack-post-media.s3.amazonaws.com/public/images/3f68da21-8d84-48e9-b369-e10207d71c61_1080x705.jpeg
jecris-pour-survivre,182570900,https://substack-post-media.s3.amazonaws.com/public/images/f1dfd913-4a70-43e7-862a-0b1bbdc7b8b6_985x1227.jpeg
jecris-pour-survivre,182570900,https://substack-post-media.s3.amazonaws.com/public/images/7f88554c-d38b-41c1-a217-ad1784617ec2_1080x815.jpeg
jecris-pour-survivre,182570900,https://substack-post-media.s3.amazonaws.com/public/images/af7cb101-c2a3-4d0e-9749-9807624ad41a_1080x876.jpeg
jecris-pour-survivre,182570900,https://substack-post-media.s3.amazonaws.com/public/images/fc8c8dfc-2ca9-4e7f-b956-9ad3b792a126_1080x866.jpeg
jecris-pour-survivre,182570900,https://substack-post-media.s3.amazonaws.com/public/images/d3357d7b-ae43-4c61-9ade-07ae775bf2c6_1080x877.jpeg
jecris-pour-survivre,182570900,https://substack-post-media.s3.amazonaws.com/public/images/fa637d5c-faab-4e9d-904f-03b3430981a6_1080x848.jpeg
jecris-pour-survivre,182570900,https://substack-post-media.s3.amazonaws.com/public/images/b7d999ba-02fc-4b34-8d68-caf00d8770d7_1080x701.jpeg
jecris-pour-survivre,182570900,https://substack-post-media.s3.amazonaws.com/public/images/9128655b-b6df-49a6-b078-f3283e244ea2_1080x639.jpeg
jecris-pour-survivre,182570900,https://substack-post-media.s3.amazonaws.com/public/images/2c7b4dff-8e19-489c-aea7-5aed995c775d_1080x351.jpeg
jecris-pour-survivre,182570900,https://substack-post-media.s3.amazonaws.com/public/images/f0149548-4e0c-4cc3-a88e-a3152121d598_989x1244.jpeg
jecris-pour-survivre,182570900,https://substack-post-media.s3.amazonaws.com/public/images/95a1e694-3ab8-45a2-9481-f2335050ae99_987x1240.jpeg
jecris-pour-survivre,182570900,https://substack-post-media.s3.amazonaws.com/public/images/6a92c9d4-2459-4173-b9cc-8bea6760408f_994x1232.jpeg
jecris-pour-survivre,182570900,https://substack-post-media.s3.amazonaws.com/public/images/350768ea-bce8-4ef2-aad6-69f1baf8b528_996x1240.jpeg
jecris-pour-survivre,182570900,https://substack-post-media.s3.amazonaws.com/public/images/1425e87d-f3c6-4bb1-8e75-5f48e0a8abbe_993x1233.jpeg
jecris-pour-survivre,182570900,https://substack-post-media.s3.amazonaws.com/public/images/9fff30e4-8871-45cf-9d5b-45e5b3549526_1005x1247.jpeg
jecris-pour-survivre,182570900,https://substack-post-media.s3.amazonaws.com/public/images/f7005b9b-999f-472e-b41a-4f26cbf6af1d_470x531.png
jecris-pour-survivre,182570900,https://substack-post-media.s3.amazonaws.com/public/images/ba053a91-2559-4d33-8876-586f2e6dc7f1_981x1222.jpeg
jecris-pour-survivre,182570900,https://substack-post-media.s3.amazonaws.com/public/images/25825494-b2ec-4593-8348-09fdc9fae297_1080x1016.jpeg
jecris-pour-survivre,182570900,https://substack-post-media.s3.amazonaws.com/public/images/36c09c2c-bd5f-4fa3-8a6d-7cab32c361e4_993x1237.jpeg
jecris-pour-survivre,182570900,https://substack-post-media.s3.amazonaws.com/public/images/ce474b71-5033-4df9-85ca-f97f6ad5409e_1080x1073.jpeg
jecris-pour-survivre,182570900,https://substack-post-media.s3.amazonaws.com/public/images/fd3d73a6-e1ed-42fd-b237-ff249f9183e1_985x1233.jpeg
jecris-pour-survivre,182570900,https://substack-post-media.s3.amazonaws.com/public/images/c4ffb2cf-88b1-4c7c-830a-d931965bd1dd_984x1233.jpeg
jecris-pour-survivre,182570900,https://substack-post-media.s3.amazonaws.com/public/images/0bf13317-1c60-43dd-8d5d-de7c9571bbea_1010x1264.jpeg
jecris-pour-survivre,182570900,https://substack-post-media.s3.amazonaws.com/public/images/d23e4349-880e-4af0-99de-1af3f7ea699e_988x1233.jpeg
jecris-pour-survivre,182570900,https://substack-post-media.s3.amazonaws.com/public/images/4206f33e-a7f0-43b0-bd90-06384fb4b2fd_1024x1536.jpeg
jecris-pour-survivre,182570900,https://substack-post-media.s3.amazonaws.com/public/images/01a3c389-8051-4a3b-848b-de00f5db3f7d_859x561.jpeg
jecris-pour-survivre,182570900,https://substack-post-media.s3.amazonaws.com/public/images/3f68da21-8d84-48e9-b369-e10207d71c61_1080x705.jpeg
les-8-causes-humanitaires-une-porte,182640796,https://substack-post-media.s3.amazonaws.com/public/images/c8e48470-f849-46b7-9f29-1f1ca325e7a1_988x1229.jpeg
les-8-causes-humanitaires-une-porte,182640796,https://substack-post-media.s3.amazonaws.com/public/images/0929a4a7-1098-4dde-9989-e251df75df38_979x1229.jpeg
les-8-causes-humanitaires-une-porte,182640796,https://substack-post-media.s3.amazonaws.com/public/images/53258f30-6492-4b73-a6bf-95d5dd9bcf29_987x1235.jpeg
les-8-causes-humanitaires-une-porte,182640796,https://substack-post-media.s3.amazonaws.com/public/images/caf83421-7699-44c8-9106-106c7f7bbf4b_990x1233.jpeg
les-8-causes-humanitaires-une-porte,182640796,https://substack-post-media.s3.amazonaws.com/public/images/d26bc67e-56b6-4969-99f6-610a179e2b1b_984x1231.jpeg
les-8-causes-humanitaires-une-porte,182640796,https://substack-post-media.s3.amazonaws.com/public/images/4d38e900-5d7c-4b62-b2a5-58ef4499ec6e_990x1243.jpeg
les-8-causes-humanitaires-une-porte,182640796,https://substack-post-media.s3.amazonaws.com/public/images/f540b07d-b098-4ed1-ada6-0d4811347da7_978x1240.jpeg
les-8-causes-humanitaires-une-porte,182640796,https://substack-post-media.s3.amazonaws.com/public/images/c9be8ed1-42f4-4d3f-871c-86d3e7339167_994x1236.jpeg
les-8-causes-humanitaires-une-porte,182640796,https://substack-post-media.s3.amazonaws.com/public/images/f70f6da2-b839-4a10-9557-4dbca98d4bc9_993x1241.jpeg
les-8-causes-humanitaires-une-porte,182640796,https://substack-post-media.s3.amazonaws.com/public/images/ecd05448-49ae-4a2d-90a3-e99137849e0c_990x1244.jpeg
les-8-causes-humanitaires-une-porte,182640796,https://substack-post-media.s3.amazonaws.com/public/images/2143e565-46bb-423f-84f1-d213737a14ae_991x1239.jpeg
les-8-causes-humanitaires-une-porte,182640796,https://substack-post-media.s3.amazonaws.com/public/images/cb6f4b4a-71a2-4e5d-9f31-1ef89441b254_978x1235.jpeg
les-8-causes-humanitaires-une-porte,182640796,https://substack-post-media.s3.amazonaws.com/public/images/9f5dcad9-9373-497b-b2d0-ae02574e971b_968x1236.jpeg
les-8-causes-humanitaires-une-porte,182640796,https://substack-post-media.s3.amazonaws.com/public/images/2dcbf295-c248-4736-8060-93105d7be9d1_984x1231.jpeg
les-8-causes-humanitaires-une-porte,182640796,https://substack-post-media.s3.amazonaws.com/public/images/90987e87-9048-4938-845c-94f616b9c762_988x1229.jpeg
les-8-causes-humanitaires-une-porte,182640796,https://substack-post-media.s3.amazonaws.com/public/images/83f6e437-ae26-44cf-83e6-6966b25862f7_1080x705.jpeg
le-verbe-vertical-and-o-verbe-axial,182692948,https://substack-post-media.s3.amazonaws.com/public/images/c4d53403-3d3c-494f-9b4c-0ba03fcf4ce0_779x182.jpeg
le-verbe-vertical-and-o-verbe-axial,182692948,https://substack-post-media.s3.amazonaws.com/public/images/3ec23b48-cfbb-48b8-849e-536f10e47941_1024x1536.png
le-verbe-vertical-and-o-verbe-axial,182692948,https://substack-post-media.s3.amazonaws.com/public/images/8af29673-cde3-49c7-a776-6b2f910f9686_982x1230.jpeg
le-verbe-vertical-and-o-verbe-axial,182692948,https://substack-post-media.s3.amazonaws.com/public/images/f3546e57-2b01-430f-9f39-c6c8921aecf2_1080x705.jpeg
individuation-le-seuil,183443725,https://substack-post-media.s3.amazonaws.com/public/images/d5ad1529-1827-4255-8053-12e05cc2f3a2_1600x2000.png
individuation-le-seuil,183443725,https://substack-post-media.s3.amazonaws.com/public/images/7a383f10-a7fa-4a64-894c-1983410d7e7f_977x556.jpeg
individuation-le-seuil,183443725,https://substack-post-media.s3.amazonaws.com/public/images/dd12e6eb-4f78-432b-a5b6-b3374f3fb3a9_994x1232.jpeg
individuation-le-seuil,183443725,https://substack-post-media.s3.amazonaws.com/public/images/8a52140c-f042-4eb4-90c0-f52b38bb2236_999x1242.jpeg
individuation-le-seuil,183443725,https://substack-post-media.s3.amazonaws.com/public/images/8879473a-9c60-4463-bbb9-dda2704587c6_985x1231.jpeg
individuation-le-seuil,183443725,https://substack-post-media.s3.amazonaws.com/public/images/03fe2d90-073b-4e31-8d06-1f48c802afd5_1080x1135.jpeg
individuation-le-seuil,183443725,https://substack-post-media.s3.amazonaws.com/public/images/301fcc3e-539c-4c1a-8619-88492cdf279e_774x1080.jpeg
individuation-le-seuil,183443725,https://substack-post-media.s3.amazonaws.com/public/images/ce9a2b87-05a7-4707-9994-f19204ca06dd_1080x1389.jpeg
individuation-le-seuil,183443725,https://substack-post-media.s3.amazonaws.com/public/images/10e070d2-7fea-4e04-920a-ba9c49a64765_1080x1069.jpeg
individuation-le-seuil,183443725,https://substack-post-media.s3.amazonaws.com/public/images/df38d572-81bd-44d6-a769-acba844dbc39_3240x3582.png
individuation-le-seuil,183443725,https://substack-post-media.s3.amazonaws.com/public/images/3f68da21-8d84-48e9-b369-e10207d71c61_1080x705.jpeg
code-qtlx-vers-la-technologie-du,183538271,https://substack-post-media.s3.amazonaws.com/public/images/79859f3c-c088-44c1-b21e-40fe14accddc_980x1221.jpeg
code-qtlx-vers-la-technologie-du,183538271,https://substack-post-media.s3.amazonaws.com/public/images/6a8f7099-ddcf-4224-9217-f6152f27e183_986x1232.jpeg
code-qtlx-vers-la-technologie-du,183538271,https://substack-post-media.s3.amazonaws.com/public/images/b5f2c035-741b-42b3-aca5-8f230ecbffab_985x1229.jpeg
code-qtlx-vers-la-technologie-du,183538271,https://substack-post-media.s3.amazonaws.com/public/images/55ebf29f-9e2b-409a-9048-c55d96674897_975x1235.jpeg
code-qtlx-vers-la-technologie-du,183538271,https://substack-post-media.s3.amazonaws.com/public/images/c678281e-643d-435a-861f-952ac8e78757_986x1239.jpeg
code-qtlx-vers-la-technologie-du,183538271,https://substack-post-media.s3.amazonaws.com/public/images/d85dddf0-99f5-4ac4-83d2-5985ec8eb31f_992x1231.jpeg
code-qtlx-vers-la-technologie-du,183538271,https://substack-post-media.s3.amazonaws.com/public/images/74f8d605-6894-4fc4-95ef-51c9fe3213d3_989x1229.jpeg
code-qtlx-vers-la-technologie-du,183538271,https://substack-post-media.s3.amazonaws.com/public/images/52625758-703e-4231-abcb-283a89d015fc_991x1234.jpeg
code-qtlx-vers-la-technologie-du,183538271,https://substack-post-media.s3.amazonaws.com/public/images/c1e8f806-3987-4721-892b-4d37ea54c353_986x1230.jpeg
code-qtlx-vers-la-technologie-du,183538271,https://substack-post-media.s3.amazonaws.com/public/images/694789ab-6cfe-4021-abfb-b900df57589d_988x1225.jpeg
code-qtlx-vers-la-technologie-du,183538271,https://substack-post-media.s3.amazonaws.com/public/images/19c371cc-37e2-487d-a7ae-e6ee4b4138c1_991x1232.jpeg
code-qtlx-vers-la-technologie-du,183538271,https://substack-post-media.s3.amazonaws.com/public/images/11eb60bf-061b-4c81-b828-8c87639f6aa9_983x1231.jpeg
code-qtlx-vers-la-technologie-du,183538271,https://substack-post-media.s3.amazonaws.com/public/images/f6ba2253-60f6-43ac-9311-a1b0d36ab7d2_993x1238.jpeg
code-qtlx-vers-la-technologie-du,183538271,https://substack-post-media.s3.amazonaws.com/public/images/ca57aee1-09f1-43c9-ba94-c74cf0a653a9_978x1229.jpeg
code-qtlx-vers-la-technologie-du,183538271,https://substack-post-media.s3.amazonaws.com/public/images/3f68da21-8d84-48e9-b369-e10207d71c61_1080x705.jpeg
univers-mentis-prime-le-socle-axial,183805868,https://substack-post-media.s3.amazonaws.com/public/images/a3ba83cc-964b-4831-ad72-8dc44218c8d0_1010x1264.jpeg
univers-mentis-prime-le-socle-axial,183805868,https://substack-post-media.s3.amazonaws.com/public/images/8bb89a21-5267-4aa3-a2e7-9801c1f1b956_865x756.jpeg
univers-mentis-prime-le-socle-axial,183805868,https://substack-post-media.s3.amazonaws.com/public/images/3f68da21-8d84-48e9-b369-e10207d71c61_1080x705.jpeg
la-crise-existentielle-individuelle,184058139,https://substack-post-media.s3.amazonaws.com/public/images/29c687b0-4f4d-47d1-837f-f3603c1b3bbd_980x1231.jpeg
la-crise-existentielle-individuelle,184058139,https://substack-post-media.s3.amazonaws.com/public/images/a133b838-fae6-43a3-a2ec-dcee52f62813_984x1231.jpeg
la-crise-existentielle-individuelle,184058139,https://substack-post-media.s3.amazonaws.com/public/images/a5fd5c36-0e6c-4e1f-abfb-23f8a742e016_405x612.jpeg
la-crise-existentielle-individuelle,184058139,https://substack-post-media.s3.amazonaws.com/public/images/066209d5-dde4-46cb-9fd5-2e20b9f5ec4e_500x739.jpeg
la-crise-existentielle-individuelle,184058139,https://substack-post-media.s3.amazonaws.com/public/images/974df20d-4c99-4ad0-8557-a1e8eb4a7f6d_450x338.jpeg
la-crise-existentielle-individuelle,184058139,https://substack-post-media.s3.amazonaws.com/public/images/8fd6fe91-56bb-4fae-b814-7d125dc0e906_447x612.jpeg
la-crise-existentielle-individuelle,184058139,https://substack-post-media.s3.amazonaws.com/public/images/f3546e57-2b01-430f-9f39-c6c8921aecf2_1080x705.jpeg
lenfance-interieure-face-a-labandon,184795751,https://substack-post-media.s3.amazonaws.com/public/images/91dddfb0-a992-4d92-83bb-560bc62027b8_990x1230.jpeg
lenfance-interieure-face-a-labandon,184795751,https://substack-post-media.s3.amazonaws.com/public/images/59a10d9e-5ad1-4b8a-928b-b61a7617ce70_990x1243.jpeg
lenfance-interieure-face-a-labandon,184795751,https://substack-post-media.s3.amazonaws.com/public/images/1f1b9b9c-81e9-4b45-a858-fef857ddf6d4_250x395.jpeg
lenfance-interieure-face-a-labandon,184795751,https://substack-post-media.s3.amazonaws.com/public/images/f8cc9d7e-c423-4ea0-a295-b15062998fc5_389x514.jpeg
lenfance-interieure-face-a-labandon,184795751,https://substack-post-media.s3.amazonaws.com/public/images/d561b44f-074e-4166-afa9-e3fd9a2f3932_960x1235.jpeg
lenfance-interieure-face-a-labandon,184795751,https://substack-post-media.s3.amazonaws.com/public/images/da97a72e-ceb7-4ca2-8b6a-7312a1c4febd_640x640.jpeg
lenfance-interieure-face-a-labandon,184795751,https://substack-post-media.s3.amazonaws.com/public/images/f3546e57-2b01-430f-9f39-c6c8921aecf2_1080x705.jpeg
le-heroisme-interieur-face-a-la-precarite,185870562,https://substack-post-media.s3.amazonaws.com/public/images/293dd1c8-7f28-41dc-9bbd-96f9efa1ff24_987x1236.jpeg
le-heroisme-interieur-face-a-la-precarite,185870562,https://substack-post-media.s3.amazonaws.com/public/images/c7e8c02a-8781-42bf-9998-00887e4cb78f_994x1236.jpeg
le-heroisme-interieur-face-a-la-precarite,185870562,https://substack-post-media.s3.amazonaws.com/public/images/c6bcfd82-4604-4d53-be85-dd72aaeded52_1080x1210.jpeg
le-heroisme-interieur-face-a-la-precarite,185870562,https://substack-post-media.s3.amazonaws.com/public/images/4bc48526-c179-4fe6-8f3c-8f4a012f0beb_551x760.jpeg
le-heroisme-interieur-face-a-la-precarite,185870562,https://substack-post-media.s3.amazonaws.com/public/images/bf7f9681-2803-4426-9f6e-78f4b9ea4759_1333x2000.webp
le-heroisme-interieur-face-a-la-precarite,185870562,https://substack-post-media.s3.amazonaws.com/public/images/7ce007e8-9218-452f-a99a-bac49d97688e_640x799.jpeg
le-heroisme-interieur-face-a-la-precarite,185870562,https://substack-post-media.s3.amazonaws.com/public/images/f3546e57-2b01-430f-9f39-c6c8921aecf2_1080x705.jpeg
la-sagesse-interieure-face-au-reste,186848367,https://substack-post-media.s3.amazonaws.com/public/images/b6aa3b6e-494b-4177-bba3-3c91b1fe8b91_992x1228.jpeg
la-sagesse-interieure-face-au-reste,186848367,https://substack-post-media.s3.amazonaws.com/public/images/d732b317-87c6-4113-9836-a5883e2b3431_978x1240.jpeg
la-sagesse-interieure-face-au-reste,186848367,https://substack-post-media.s3.amazonaws.com/public/images/fb697bfd-ba33-408e-aa72-ce871c909c79_730x420.webp
la-sagesse-interieure-face-au-reste,186848367,https://substack-post-media.s3.amazonaws.com/public/images/8d8e4442-3df9-426b-a684-f05b1042ea3e_4004x6000.jpeg
la-sagesse-interieure-face-au-reste,186848367,https://substack-post-media.s3.amazonaws.com/public/images/04bcc864-a6a5-4d25-b591-df7464639ccb_1280x1487.jpeg
la-sagesse-interieure-face-au-reste,186848367,https://substack-post-media.s3.amazonaws.com/public/images/1c15f69b-91a9-454e-8d67-30a42bd58e51_1500x1000.jpeg
la-sagesse-interieure-face-au-reste,186848367,https://substack-post-media.s3.amazonaws.com/public/images/f3546e57-2b01-430f-9f39-c6c8921aecf2_1080x705.jpeg
la-justice-interieure-face-aux-engagements,187175101,https://substack-post-media.s3.amazonaws.com/public/images/ed96f531-77e1-4d4b-8889-33e93f0cde2f_992x1228.jpeg
la-justice-interieure-face-aux-engagements,187175101,https://substack-post-media.s3.amazonaws.com/public/images/0728efbd-b0ca-4013-bba0-79fa23a6b2ae_978x1235.webp
la-justice-interieure-face-aux-engagements,187175101,https://substack-post-media.s3.amazonaws.com/public/images/8b497607-2628-4a0a-a611-444b02e75d16_1024x796.jpeg
la-justice-interieure-face-aux-engagements,187175101,https://substack-post-media.s3.amazonaws.com/public/images/f1b42770-3106-43eb-b186-592d54276d61_1280x720.jpeg
la-justice-interieure-face-aux-engagements,187175101,https://substack-post-media.s3.amazonaws.com/public/images/049500c3-11ec-4567-899a-e85071d85010_864x499.jpeg
la-justice-interieure-face-aux-engagements,187175101,https://substack-post-media.s3.amazonaws.com/public/images/c140b5e3-af6d-4938-9bc1-54b6a018eecc_2290x2144.jpeg
la-justice-interieure-face-aux-engagements,187175101,https://substack-post-media.s3.amazonaws.com/public/images/f3546e57-2b01-430f-9f39-c6c8921aecf2_1080x705.jpeg
du-moi-incarne-au-soi-solaire-le,188177313,https://substack-post-media.s3.amazonaws.com/public/images/3aa654c3-0d4c-4adf-bfd1-f9a18ce3d840_984x1241.jpeg
du-moi-incarne-au-soi-solaire-le,188177313,https://substack-post-media.s3.amazonaws.com/public/images/f3546e57-2b01-430f-9f39-c6c8921aecf2_1080x705.jpeg
la-demonie-interieure-face-a-la-r,190235918,https://substack-post-media.s3.amazonaws.com/public/images/df622606-6a5a-40d7-9645-c2c85ff8103b_990x1230.jpeg
la-demonie-interieure-face-a-la-r,190235918,https://substack-post-media.s3.amazonaws.com/public/images/35959119-4139-4dd4-b6a7-d47058e77417_990x1244.jpeg
la-demonie-interieure-face-a-la-r,190235918,https://substack-post-media.s3.amazonaws.com/public/images/eb49f889-0947-4ff4-92b4-b733112a8d83_200x286.jpeg
la-demonie-interieure-face-a-la-r,190235918,https://substack-post-media.s3.amazonaws.com/public/images/0e4162ea-90e8-490d-b450-b785a884486a_170x231.jpeg
la-demonie-interieure-face-a-la-r,190235918,https://substack-post-media.s3.amazonaws.com/public/images/8923895c-51da-4f5c-a130-41a7edc42bef_600x600.jpeg
la-demonie-interieure-face-a-la-r,190235918,https://substack-post-media.s3.amazonaws.com/public/images/b01c671f-3a55-475f-a65c-eccd5d95bbab_1280x720.jpeg
la-demonie-interieure-face-a-la-r,190235918,https://substack-post-media.s3.amazonaws.com/public/images/f3546e57-2b01-430f-9f39-c6c8921aecf2_1080x705.jpeg
lenfance-transcendee-dans-leducation,191419926,https://substack-post-media.s3.amazonaws.com/public/images/43f372a5-99fd-42e9-930a-d5af5691be60_984x1237.jpeg
lenfance-transcendee-dans-leducation,191419926,https://substack-post-media.s3.amazonaws.com/public/images/a2feb733-e0bf-4234-ac7b-7cc1a07d44e9_993x1241.jpeg
lenfance-transcendee-dans-leducation,191419926,https://substack-post-media.s3.amazonaws.com/public/images/e49776fc-d075-492b-b130-aa14269595c2_1920x1080.jpeg
lenfance-transcendee-dans-leducation,191419926,https://substack-post-media.s3.amazonaws.com/public/images/b6314448-654a-4f5d-8198-c14f4ad3b953_1280x720.jpeg
lenfance-transcendee-dans-leducation,191419926,https://substack-post-media.s3.amazonaws.com/public/images/c389f012-6a4e-4b24-876a-b71b4a0b9d31_1125x633.jpeg
lenfance-transcendee-dans-leducation,191419926,https://substack-post-media.s3.amazonaws.com/public/images/47161784-869b-492e-876c-a92dd1c3b15b_1800x2400.jpeg
lenfance-transcendee-dans-leducation,191419926,https://substack-post-media.s3.amazonaws.com/public/images/f3546e57-2b01-430f-9f39-c6c8921aecf2_1080x705.jpeg
letrejectif-la-rigueur-epistemique,191930918,https://substack-post-media.s3.amazonaws.com/public/images/7224d024-4e88-430c-8597-86301df95b2d_991x1234.jpeg
letrejectif-la-rigueur-epistemique,191930918,https://substack-post-media.s3.amazonaws.com/public/images/fd31ba5a-db4e-4eeb-a7da-9d5a1191f0fa_1024x1024.png
letrejectif-la-rigueur-epistemique,191930918,https://substack-post-media.s3.amazonaws.com/public/images/3f68da21-8d84-48e9-b369-e10207d71c61_1080x705.jpeg
le-combat-interieur-friction-feconde,192747457,https://substack-post-media.s3.amazonaws.com/public/images/e8822c8f-013b-4d02-9a23-76acc4754a81_989x1237.jpeg
le-combat-interieur-friction-feconde,192747457,https://substack-post-media.s3.amazonaws.com/public/images/1fc26057-8449-4cac-8898-2605b27ede59_626x626.jpeg
le-combat-interieur-friction-feconde,192747457,https://substack-post-media.s3.amazonaws.com/public/images/7a9bd90d-f150-4363-adc2-ee44a0b84025_750x724.jpeg
le-combat-interieur-friction-feconde,192747457,https://substack-post-media.s3.amazonaws.com/public/images/d43ea424-e8cc-430b-9e0b-92b22027b77a_447x447.png
le-combat-interieur-friction-feconde,192747457,https://substack-post-media.s3.amazonaws.com/public/images/3f68da21-8d84-48e9-b369-e10207d71c61_1080x705.jpeg
le-metacadre-comment-neutraliser,197186898,https://substack-post-media.s3.amazonaws.com/public/images/efc5cd82-de3f-4d05-bd0f-e35b8a0d5dd4_984x1233.jpeg
le-metacadre-comment-neutraliser,197186898,https://substack-post-media.s3.amazonaws.com/public/images/24f5d533-200c-4e24-9132-e9e61a8c2f76_1263x1246.png
le-metacadre-comment-neutraliser,197186898,https://substack-post-media.s3.amazonaws.com/public/images/eec158da-b58a-4dfb-9680-d839bd79d2c0_1536x1024.png
le-metacadre-comment-neutraliser,197186898,https://substack-post-media.s3.amazonaws.com/public/images/1e6dd595-f5bc-4ff2-a66f-9e2b036300c3_1536x1024.png
le-metacadre-comment-neutraliser,197186898,https://substack-post-media.s3.amazonaws.com/public/images/3f68da21-8d84-48e9-b369-e10207d71c61_1080x705.jpeg
le-silence-habite,198111158,https://substack-post-media.s3.amazonaws.com/public/images/887969fa-3eaf-4035-a33a-faecc0cfc2e2_1983x793.png
le-silence-habite,198111158,https://substack-post-media.s3.amazonaws.com/public/images/7e2cc492-6b15-470f-a88d-d6283e3b92a5_1086x1448.png
le-silence-habite,198111158,https://substack-post-media.s3.amazonaws.com/public/images/f54f1828-bbcb-4ad4-8e09-f723d79ad39a_1086x1448.png
le-silence-habite,198111158,https://substack-post-media.s3.amazonaws.com/public/images/51c7ee57-51fd-469b-a6e1-71e310580865_1023x1537.png
le-silence-habite,198111158,https://substack-post-media.s3.amazonaws.com/public/images/062902e1-b420-4d2b-847a-81d1d9f113e2_1023x1537.png
le-silence-habite,198111158,https://substack-post-media.s3.amazonaws.com/public/images/324202f9-7f68-4594-9af0-a5d39812ee5d_1024x1536.png
le-silence-habite,198111158,https://substack-post-media.s3.amazonaws.com/public/images/d6e0bb10-21c2-4eb7-aa08-324d0c729152_1023x1537.png
le-silence-habite,198111158,https://substack-post-media.s3.amazonaws.com/public/images/6ab5609f-5ce1-4c96-8dfd-6a018de85642_1023x1537.png
le-silence-habite,198111158,https://substack-post-media.s3.amazonaws.com/public/images/9dff3463-7bf5-4cd0-982d-ad98d75a69a7_1024x1536.png
le-silence-habite,198111158,https://substack-post-media.s3.amazonaws.com/public/images/9bb98a47-a227-4b54-a0fc-28841985355b_1024x1536.png
le-silence-habite,198111158,https://substack-post-media.s3.amazonaws.com/public/images/9edce68f-090a-4106-8078-ae39e5bd6a26_1086x1448.png
le-silence-habite,198111158,https://substack-post-media.s3.amazonaws.com/public/images/fe06804d-d900-4708-834b-f3ce8b7b76cc_1983x793.png
la-subsistance-alignee,198605906,https://substack-post-media.s3.amazonaws.com/public/images/e6af382e-92a6-4e96-8b2b-ff695ac99539_1983x793.png
la-subsistance-alignee,198605906,https://substack-post-media.s3.amazonaws.com/public/images/5b9d2ea5-c82f-48b3-a6e7-a73f1e778fd9_1086x1448.png
la-subsistance-alignee,198605906,https://substack-post-media.s3.amazonaws.com/public/images/4e2eccac-3c96-4dad-b7eb-4606170cd1f6_1060x1484.png
la-subsistance-alignee,198605906,https://substack-post-media.s3.amazonaws.com/public/images/61edeee5-b953-4812-b93b-6e70524eddb3_1046x1503.png
la-subsistance-alignee,198605906,https://substack-post-media.s3.amazonaws.com/public/images/373e46ea-6f3d-48df-ac41-846eaedaaab2_1086x1448.png
la-subsistance-alignee,198605906,https://substack-post-media.s3.amazonaws.com/public/images/1586486d-1245-4817-81ab-b3bf8b004417_1122x1402.png
la-subsistance-alignee,198605906,https://substack-post-media.s3.amazonaws.com/public/images/8a7b01a4-e840-4fd6-9dd3-b21cc78d2cc5_1144x1375.png
la-subsistance-alignee,198605906,https://substack-post-media.s3.amazonaws.com/public/images/ccb74405-f8f0-4ed2-8db5-a91dcf3521e8_1122x1402.png
la-subsistance-alignee,198605906,https://substack-post-media.s3.amazonaws.com/public/images/2ca809f5-ce9f-44f0-9065-2c7d12e9a1ba_1122x1402.png
la-subsistance-alignee,198605906,https://substack-post-media.s3.amazonaws.com/public/images/61466310-972b-4b99-82b6-eee3b314d259_1122x1402.png
la-subsistance-alignee,198605906,https://substack-post-media.s3.amazonaws.com/public/images/f46ca84f-fd74-4393-8536-44ab716c708b_1122x1402.png
la-subsistance-alignee,198605906,https://substack-post-media.s3.amazonaws.com/public/images/fe06804d-d900-4708-834b-f3ce8b7b76cc_1983x793.png
le-liminal,198801741,https://substack-post-media.s3.amazonaws.com/public/images/9b975fdd-a925-48db-941b-57cd035166a0_1055x1491.png
le-liminal,198801741,https://substack-post-media.s3.amazonaws.com/public/images/ead35be1-cc36-49fa-b51e-61e15abfe374_1054x1492.png
le-liminal,198801741,https://substack-post-media.s3.amazonaws.com/public/images/ad04bfab-be95-4bb1-8921-e74a6cb35e7e_1024x1536.png
le-liminal,198801741,https://substack-post-media.s3.amazonaws.com/public/images/8dc674ad-80dd-4e3a-a6b7-4892a6b22d13_1023x1537.png
le-liminal,198801741,https://substack-post-media.s3.amazonaws.com/public/images/38c052c7-958f-4034-9a97-eb8866d39ff4_1074x1464.png
le-liminal,198801741,https://substack-post-media.s3.amazonaws.com/public/images/be76c00c-a4a4-43b1-afeb-222778b368ea_843x843.png
le-liminal,198801741,https://substack-post-media.s3.amazonaws.com/public/images/6543f8b7-5d6e-460c-9696-7fc534f85ef9_1792x878.png
luvre,199020865,https://substack-post-media.s3.amazonaws.com/public/images/15441718-2654-45b7-b468-504259cdf5a2_1073x1466.png
luvre,199020865,https://substack-post-media.s3.amazonaws.com/public/images/a9422698-7d27-4336-8952-1ad8003109fe_1024x1536.png
luvre,199020865,https://substack-post-media.s3.amazonaws.com/public/images/5cfdb4f1-4131-4b9c-9997-e08b4915546c_1024x1536.png
luvre,199020865,https://substack-post-media.s3.amazonaws.com/public/images/e8dae5f8-77cd-49f6-bbef-4c04a92dec30_1024x1024.jpeg
individuation-epicotherapeutique,199041911,https://substack-post-media.s3.amazonaws.com/public/images/f58f8119-6e1f-4fa4-94f4-6664a17a3463_1983x793.png
individuation-epicotherapeutique,199041911,https://substack-post-media.s3.amazonaws.com/public/images/9376c720-994b-40f5-a290-9f3923e3da90_1086x1448.png
individuation-epicotherapeutique,199041911,https://substack-post-media.s3.amazonaws.com/public/images/e4eeac3d-8073-4eed-8918-75450c35b738_1085x1450.png
individuation-epicotherapeutique,199041911,https://substack-post-media.s3.amazonaws.com/public/images/6cb6e1db-5885-4bfd-8d82-e80f43465b9d_1073x1465.png
individuation-epicotherapeutique,199041911,https://substack-post-media.s3.amazonaws.com/public/images/f78488d0-a019-4a0a-b705-92b9c7fa231a_1086x1448.png
individuation-epicotherapeutique,199041911,https://substack-post-media.s3.amazonaws.com/public/images/4fcb8034-a2ec-4a65-8dbb-771eaf7046fd_1080x1456.png
individuation-epicotherapeutique,199041911,https://substack-post-media.s3.amazonaws.com/public/images/5b4b9fd7-f7fb-40a6-b08f-093953bdd900_1086x1449.png
individuation-epicotherapeutique,199041911,https://substack-post-media.s3.amazonaws.com/public/images/fe06804d-d900-4708-834b-f3ce8b7b76cc_1983x793.png
projection,199203854,https://substack-post-media.s3.amazonaws.com/public/images/7f5fdf73-7f3d-4649-9e7d-6ead3c63374f_1983x793.png
projection,199203854,https://substack-post-media.s3.amazonaws.com/public/images/469abcc3-7a3f-4634-ab6e-1abff4322585_1086x1448.png
projection,199203854,https://substack-post-media.s3.amazonaws.com/public/images/12ab5633-9b4b-45b2-be83-947c772eaf97_1023x1537.png
projection,199203854,https://substack-post-media.s3.amazonaws.com/public/images/a9f4bd05-3ef4-4294-9184-1f859e5d71d5_1085x1450.png
projection,199203854,https://substack-post-media.s3.amazonaws.com/public/images/53ecb6af-95c5-4a8a-928f-91ba756b12f9_1086x1449.png
projection,199203854,https://substack-post-media.s3.amazonaws.com/public/images/3c5c941a-fd8e-4437-8b91-54f06bbef23c_1054x1492.png
projection,199203854,https://substack-post-media.s3.amazonaws.com/public/images/fe06804d-d900-4708-834b-f3ce8b7b76cc_1983x793.png
larchitecte-de-verite,199529559,https://substack-post-media.s3.amazonaws.com/public/images/61b848f7-13af-4a28-9bd8-f8c037caddc6_1083x1452.png
larchitecte-de-verite,199529559,https://substack-post-media.s3.amazonaws.com/public/images/95e53975-3c1c-4d7e-bb3b-7aa4f739b11c_1086x1448.png
larchitecte-de-verite,199529559,https://substack-post-media.s3.amazonaws.com/public/images/c5e827ee-31f8-4a90-9289-79fc4f0484c3_1085x1450.png
larchitecte-de-verite,199529559,https://substack-post-media.s3.amazonaws.com/public/images/437247f0-a187-47e1-85ba-3d70c2769884_1085x1450.png
larchitecte-de-verite,199529559,https://substack-post-media.s3.amazonaws.com/public/images/0d1afeb7-3ff7-4cc7-8feb-ac4c66021d3a_1942x809.png
larchitecte-de-verite,199529559,https://substack-post-media.s3.amazonaws.com/public/images/7e901610-9490-48c1-baf6-f0ec71e18dbb_1942x809.png
larchitecte-de-verite,199529559,https://substack-post-media.s3.amazonaws.com/public/images/bbe3af7f-2c9e-4dfb-848a-7896e9eee285_1942x809.png
larchitecte-de-verite,199529559,https://substack-post-media.s3.amazonaws.com/public/images/cfcb3120-a95f-4483-8711-312f21120284_1942x809.png
larchitecte-de-verite,199529559,https://substack-post-media.s3.amazonaws.com/public/images/54c31a18-7e5e-42ed-92d8-d89055974b20_1942x809.png
larchitecte-de-verite,199529559,https://substack-post-media.s3.amazonaws.com/public/images/dd094e94-9a02-4501-980d-18d3b3091d92_1054x1492.png
larchitecte-de-verite,199529559,https://substack-post-media.s3.amazonaws.com/public/images/fe06804d-d900-4708-834b-f3ce8b7b76cc_1983x793.png
lalterite,199802035,https://substack-post-media.s3.amazonaws.com/public/images/c0080837-f0b4-434f-8228-1e81ed5f646a_1054x1492.png
lalterite,199802035,https://substack-post-media.s3.amazonaws.com/public/images/24e6be23-d9f7-43fa-b986-541c3f1380be_1054x1492.png
lalterite,199802035,https://substack-post-media.s3.amazonaws.com/public/images/9011f8d6-b2a7-4d87-9ee2-8489d2ee7593_1024x1024.png
lalterite,199802035,https://substack-post-media.s3.amazonaws.com/public/images/113a62d9-0202-4a1d-8b02-2781db61fcd2_1586x992.png
axiome-la-transfiguration,200086235,https://substack-post-media.s3.amazonaws.com/public/images/612fec88-5573-4927-90f2-81805b5e7a01_1983x793.png
axiome-la-transfiguration,200086235,https://substack-post-media.s3.amazonaws.com/public/images/225a823f-cb5a-4f0a-8c2c-f9f40be8f894_1086x1448.png
axiome-la-transfiguration,200086235,https://substack-post-media.s3.amazonaws.com/public/images/afc7f799-e58b-4c03-8059-817d2a386440_1014x1551.png
axiome-la-transfiguration,200086235,https://substack-post-media.s3.amazonaws.com/public/images/537a3509-2d50-4baf-a46b-8dbec583a078_1942x809.png
axiome-la-transfiguration,200086235,https://substack-post-media.s3.amazonaws.com/public/images/e924d883-ae24-42ec-b56b-14426716753e_1023x1537.png
axiome-la-transfiguration,200086235,https://substack-post-media.s3.amazonaws.com/public/images/02989640-7582-42d5-a779-c0612af2450d_1942x809.png
axiome-la-transfiguration,200086235,https://substack-post-media.s3.amazonaws.com/public/images/bfd3a541-1f9f-4e72-81c5-056252b05449_1023x1537.png
axiome-la-transfiguration,200086235,https://substack-post-media.s3.amazonaws.com/public/images/5f114c9b-496a-43ed-adfb-74a11c434ffc_1942x809.png
axiome-la-transfiguration,200086235,https://substack-post-media.s3.amazonaws.com/public/images/bd309873-9772-4128-b0a6-4d294a668e83_1024x1535.png
axiome-la-transfiguration,200086235,https://substack-post-media.s3.amazonaws.com/public/images/3db19133-a324-40b4-a0eb-b8f4e8357656_1942x809.png
axiome-la-transfiguration,200086235,https://substack-post-media.s3.amazonaws.com/public/images/b29dd7e1-7afa-4e85-be6b-a0ed91a24724_1024x1536.png
axiome-la-transfiguration,200086235,https://substack-post-media.s3.amazonaws.com/public/images/007425dc-eafd-4f35-9b88-d551e222869e_1942x809.png
axiome-la-transfiguration,200086235,https://substack-post-media.s3.amazonaws.com/public/images/1c0d6522-3462-4d9d-832f-14532f9a4a74_1624x969.png
le-sphinx,200294098,https://substack-post-media.s3.amazonaws.com/public/images/773552c4-c1c6-45bc-9809-af8b3336d67d_1983x793.png
le-sphinx,200294098,https://substack-post-media.s3.amazonaws.com/public/images/1b02319a-01d4-488e-bae0-123b2cd013e6_1086x1448.png
le-sphinx,200294098,https://substack-post-media.s3.amazonaws.com/public/images/acbd5f88-e9c5-461a-962f-13b2c15581c2_1024x1536.png
le-sphinx,200294098,https://substack-post-media.s3.amazonaws.com/public/images/537a3509-2d50-4baf-a46b-8dbec583a078_1942x809.png
le-sphinx,200294098,https://substack-post-media.s3.amazonaws.com/public/images/d6f4c9b8-4699-44c5-b368-0aec35625dc3_1024x1536.png
le-sphinx,200294098,https://substack-post-media.s3.amazonaws.com/public/images/02989640-7582-42d5-a779-c0612af2450d_1942x809.png
le-sphinx,200294098,https://substack-post-media.s3.amazonaws.com/public/images/d7790358-9a2f-4aef-9e45-e98e911a3705_1024x1536.png
le-sphinx,200294098,https://substack-post-media.s3.amazonaws.com/public/images/5f114c9b-496a-43ed-adfb-74a11c434ffc_1942x809.png
le-sphinx,200294098,https://substack-post-media.s3.amazonaws.com/public/images/e546f449-74b0-4a23-8dc3-f21ab1acc3f3_1024x1536.png
le-sphinx,200294098,https://substack-post-media.s3.amazonaws.com/public/images/3db19133-a324-40b4-a0eb-b8f4e8357656_1942x809.png
le-sphinx,200294098,https://substack-post-media.s3.amazonaws.com/public/images/5f1b29ef-2ad4-42ba-94e9-01d90874a705_1024x1536.png
le-sphinx,200294098,https://substack-post-media.s3.amazonaws.com/public/images/007425dc-eafd-4f35-9b88-d551e222869e_1942x809.png
le-sphinx,200294098,https://substack-post-media.s3.amazonaws.com/public/images/1c0d6522-3462-4d9d-832f-14532f9a4a74_1624x969.png
larchitecte-du-lien,200405748,https://substack-post-media.s3.amazonaws.com/public/images/e44b1294-39f9-43ad-b41a-d58192f1270f_1983x793.png
larchitecte-du-lien,200405748,https://substack-post-media.s3.amazonaws.com/public/images/eaf37545-015f-4bc4-b152-5a135aeb3a57_1080x1456.png
larchitecte-du-lien,200405748,https://substack-post-media.s3.amazonaws.com/public/images/70508d5b-d16f-4f30-9911-578ac02a8e7d_1023x1537.png
larchitecte-du-lien,200405748,https://substack-post-media.s3.amazonaws.com/public/images/20ca0661-06f8-47ac-b1dc-1cf03ed2fdde_1942x809.png
larchitecte-du-lien,200405748,https://substack-post-media.s3.amazonaws.com/public/images/dc7d22f5-0b6f-4dbb-a6bd-aa83ff29c3b7_1023x1537.png
larchitecte-du-lien,200405748,https://substack-post-media.s3.amazonaws.com/public/images/02989640-7582-42d5-a779-c0612af2450d_1942x809.png
larchitecte-du-lien,200405748,https://substack-post-media.s3.amazonaws.com/public/images/0c22b7ef-4825-434d-afc7-9b241801d692_1024x1536.png
larchitecte-du-lien,200405748,https://substack-post-media.s3.amazonaws.com/public/images/5f114c9b-496a-43ed-adfb-74a11c434ffc_1942x809.png
larchitecte-du-lien,200405748,https://substack-post-media.s3.amazonaws.com/public/images/07c41f15-278d-482c-afd0-8e24265add6f_1024x1536.png
larchitecte-du-lien,200405748,https://substack-post-media.s3.amazonaws.com/public/images/3db19133-a324-40b4-a0eb-b8f4e8357656_1942x809.png
larchitecte-du-lien,200405748,https://substack-post-media.s3.amazonaws.com/public/images/fdc4193f-7fc9-4a3a-a9a7-88349227f4bc_1023x1537.png
larchitecte-du-lien,200405748,https://substack-post-media.s3.amazonaws.com/public/images/007425dc-eafd-4f35-9b88-d551e222869e_1942x809.png
larchitecte-du-lien,200405748,https://substack-post-media.s3.amazonaws.com/public/images/1c0d6522-3462-4d9d-832f-14532f9a4a74_1624x969.png
lil-drone,200716151,https://substack-post-media.s3.amazonaws.com/public/images/e44b1294-39f9-43ad-b41a-d58192f1270f_1983x793.png
lil-drone,200716151,https://substack-post-media.s3.amazonaws.com/public/images/9af96bd2-7882-4879-8677-4c1eb28fd745_1024x1536.png
lil-drone,200716151,https://substack-post-media.s3.amazonaws.com/public/images/0fc7bb8c-4270-44e2-b7e4-dc346f7cee21_1024x1536.png
lil-drone,200716151,https://substack-post-media.s3.amazonaws.com/public/images/20ca0661-06f8-47ac-b1dc-1cf03ed2fdde_1942x809.png
lil-drone,200716151,https://substack-post-media.s3.amazonaws.com/public/images/b9128453-95a1-477f-a2e7-a346c5d815be_1024x1536.png
lil-drone,200716151,https://substack-post-media.s3.amazonaws.com/public/images/02989640-7582-42d5-a779-c0612af2450d_1942x809.png
lil-drone,200716151,https://substack-post-media.s3.amazonaws.com/public/images/c9ecffd3-49ed-4af0-a0a5-89883f9819ec_1024x1536.png
lil-drone,200716151,https://substack-post-media.s3.amazonaws.com/public/images/5f114c9b-496a-43ed-adfb-74a11c434ffc_1942x809.png
lil-drone,200716151,https://substack-post-media.s3.amazonaws.com/public/images/8215a708-c428-4871-8043-b179f4012208_1024x1536.png
lil-drone,200716151,https://substack-post-media.s3.amazonaws.com/public/images/3db19133-a324-40b4-a0eb-b8f4e8357656_1942x809.png
lil-drone,200716151,https://substack-post-media.s3.amazonaws.com/public/images/2ef53057-392b-499b-974c-8194dfb6fb00_1023x1537.png
lil-drone,200716151,https://substack-post-media.s3.amazonaws.com/public/images/007425dc-eafd-4f35-9b88-d551e222869e_1942x809.png
lil-drone,200716151,https://substack-post-media.s3.amazonaws.com/public/images/e54c3332-5448-47d2-93ef-18be477e238c_2244x1668.png
lil-drone,200716151,https://substack-post-media.s3.amazonaws.com/public/images/1c0d6522-3462-4d9d-832f-14532f9a4a74_1624x969.png
la-grille,200865338,https://substack-post-media.s3.amazonaws.com/public/images/530c88b5-1d58-42ce-a5e0-9f328b5dbcdc_1080x1457.png
la-grille,200865338,https://substack-post-media.s3.amazonaws.com/public/images/2fdf163c-f515-427f-9e24-a57fccf971e0_2244x1668.png
la-grille,200865338,https://substack-post-media.s3.amazonaws.com/public/images/f44b3d73-8092-4556-8341-7d218e11fbdc_1023x1537.png
la-grille,200865338,https://substack-post-media.s3.amazonaws.com/public/images/be76c00c-a4a4-43b1-afeb-222778b368ea_843x843.png
la-grille,200865338,https://substack-post-media.s3.amazonaws.com/public/images/e8dae5f8-77cd-49f6-bbef-4c04a92dec30_1024x1024.jpeg
la-grille,200865338,https://substack-post-media.s3.amazonaws.com/public/images/9011f8d6-b2a7-4d87-9ee2-8489d2ee7593_1024x1024.png
la-grille,200865338,https://substack-post-media.s3.amazonaws.com/public/images/50bab02f-1038-496b-8227-79a97d2baff9_1130x1392.png
bestiaire-conceptuel,201126939,https://substack-post-media.s3.amazonaws.com/public/images/e44b1294-39f9-43ad-b41a-d58192f1270f_1983x793.png
bestiaire-conceptuel,201126939,https://substack-post-media.s3.amazonaws.com/public/images/97ef2d06-c982-444d-b1ff-079b856d1220_1024x1536.png
bestiaire-conceptuel,201126939,https://substack-post-media.s3.amazonaws.com/public/images/5d4cf921-497c-41a3-a050-460b4d23cee0_1024x1536.png
bestiaire-conceptuel,201126939,https://substack-post-media.s3.amazonaws.com/public/images/81abe24e-9070-4c7f-8019-1c0b74957f89_1086x1448.png
bestiaire-conceptuel,201126939,https://substack-post-media.s3.amazonaws.com/public/images/a903c705-799f-44ab-bbf2-0df30983c31a_1086x1448.png
bestiaire-conceptuel,201126939,https://substack-post-media.s3.amazonaws.com/public/images/5c5d863e-a1d4-4b23-aee0-afa9d11b9e6e_1086x1448.png
bestiaire-conceptuel,201126939,https://substack-post-media.s3.amazonaws.com/public/images/b75a8536-7905-4390-bde3-8dbb68797b84_1086x1448.png
bestiaire-conceptuel,201126939,https://substack-post-media.s3.amazonaws.com/public/images/1c0d6522-3462-4d9d-832f-14532f9a4a74_1624x969.png
constante-narrative,201376406,https://substack-post-media.s3.amazonaws.com/public/images/e44b1294-39f9-43ad-b41a-d58192f1270f_1983x793.png
constante-narrative,201376406,https://substack-post-media.s3.amazonaws.com/public/images/ae0dfa6c-9070-4a23-8ff4-8a59e51d0d58_1023x1537.png
constante-narrative,201376406,https://substack-post-media.s3.amazonaws.com/public/images/5f9163e4-3f1c-46aa-b0c1-17b131d5909f_1085x1450.png
constante-narrative,201376406,https://substack-post-media.s3.amazonaws.com/public/images/4aab3e0e-72f2-4913-9db5-67b65e62cc41_1536x1024.png
constante-narrative,201376406,https://substack-post-media.s3.amazonaws.com/public/images/67f270f7-e9f9-40b5-918b-4eee526c5e9e_1086x1448.png
constante-narrative,201376406,https://substack-post-media.s3.amazonaws.com/public/images/615d35a3-1055-48b2-a44f-37daac3f4712_1086x1448.png
constante-narrative,201376406,https://substack-post-media.s3.amazonaws.com/public/images/7f549de5-092f-44aa-bcc6-95c2bb89a43b_1086x1448.png
constante-narrative,201376406,https://substack-post-media.s3.amazonaws.com/public/images/1c0d6522-3462-4d9d-832f-14532f9a4a74_1624x969.png
lhumain,201424170,https://substack-post-media.s3.amazonaws.com/public/images/612fec88-5573-4927-90f2-81805b5e7a01_1983x793.png
lhumain,201424170,https://substack-post-media.s3.amazonaws.com/public/images/232a4267-ae1c-4780-ba69-578e3630f208_1086x1449.png
lhumain,201424170,https://substack-post-media.s3.amazonaws.com/public/images/c2e9096b-c160-4474-b10c-62e896d5935a_1023x1537.png
lhumain,201424170,https://substack-post-media.s3.amazonaws.com/public/images/537a3509-2d50-4baf-a46b-8dbec583a078_1942x809.png
lhumain,201424170,https://substack-post-media.s3.amazonaws.com/public/images/eba10b1e-5ac8-4863-9462-a010862d917a_1023x1537.png
lhumain,201424170,https://substack-post-media.s3.amazonaws.com/public/images/02989640-7582-42d5-a779-c0612af2450d_1942x809.png
lhumain,201424170,https://substack-post-media.s3.amazonaws.com/public/images/f628f30b-80e6-4a23-9838-a57d036aa1f7_1024x1536.png
lhumain,201424170,https://substack-post-media.s3.amazonaws.com/public/images/5f114c9b-496a-43ed-adfb-74a11c434ffc_1942x809.png
lhumain,201424170,https://substack-post-media.s3.amazonaws.com/public/images/55adc3d8-c3d5-46a7-b889-3eccb49d3031_1024x1535.png
lhumain,201424170,https://substack-post-media.s3.amazonaws.com/public/images/3db19133-a324-40b4-a0eb-b8f4e8357656_1942x809.png
lhumain,201424170,https://substack-post-media.s3.amazonaws.com/public/images/71e32340-2bd0-4a6a-abae-eb3cc6d4d0a4_1024x1536.png
lhumain,201424170,https://substack-post-media.s3.amazonaws.com/public/images/007425dc-eafd-4f35-9b88-d551e222869e_1942x809.png
lhumain,201424170,https://substack-post-media.s3.amazonaws.com/public/images/4dcbc81c-1438-4447-af1a-edf33307bcad_2244x1668.png
lhumain,201424170,https://substack-post-media.s3.amazonaws.com/public/images/1c0d6522-3462-4d9d-832f-14532f9a4a74_1624x969.png
passion,201484242,https://substack-post-media.s3.amazonaws.com/public/images/e44b1294-39f9-43ad-b41a-d58192f1270f_1983x793.png
passion,201484242,https://substack-post-media.s3.amazonaws.com/public/images/75f4203e-4b8f-4fa0-a412-b76cd8b78ef9_1023x1537.png
passion,201484242,https://substack-post-media.s3.amazonaws.com/public/images/bff8d5e2-914c-4e63-8fe6-805aa9749eb8_1023x1537.png
passion,201484242,https://substack-post-media.s3.amazonaws.com/public/images/b25c46b5-9cc0-4744-86cb-256ac1bf99a3_1023x1537.png
passion,201484242,https://substack-post-media.s3.amazonaws.com/public/images/f49c7f73-7732-42dc-9434-9b879d062481_1024x1536.png
passion,201484242,https://substack-post-media.s3.amazonaws.com/public/images/3b6329ac-d536-46e8-b07f-e30a2ed1cf63_1024x1536.png
passion,201484242,https://substack-post-media.s3.amazonaws.com/public/images/780ad9f6-9e21-410a-8fe8-8dad533e2d53_1024x1536.png
passion,201484242,https://substack-post-media.s3.amazonaws.com/public/images/1c0d6522-3462-4d9d-832f-14532f9a4a74_1624x969.png
neurodivergence,201560239,https://substack-post-media.s3.amazonaws.com/public/images/e44b1294-39f9-43ad-b41a-d58192f1270f_1983x793.png
neurodivergence,201560239,https://substack-post-media.s3.amazonaws.com/public/images/980054d9-3df1-4c51-9cc9-8aa4eb08d5d7_1024x1536.png
neurodivergence,201560239,https://substack-post-media.s3.amazonaws.com/public/images/f19f99c1-8e22-4ed1-a424-ce40d02d9f35_1024x1536.png
neurodivergence,201560239,https://substack-post-media.s3.amazonaws.com/public/images/29ee541f-0d38-4c46-833b-d1c90d06bbd5_1024x1536.png
neurodivergence,201560239,https://substack-post-media.s3.amazonaws.com/public/images/0424d510-01a5-442f-9470-a8d5840f85f0_1024x1536.png
neurodivergence,201560239,https://substack-post-media.s3.amazonaws.com/public/images/faf9642c-b729-4b46-b62d-e23e3abc837b_1024x1536.png
neurodivergence,201560239,https://substack-post-media.s3.amazonaws.com/public/images/ea7d8323-6792-4459-af62-cc927ce33d9c_1024x1536.png
neurodivergence,201560239,https://substack-post-media.s3.amazonaws.com/public/images/1c0d6522-3462-4d9d-832f-14532f9a4a74_1624x969.png
le-syndrome-de-david-contre-goliath,201726516,https://substack-post-media.s3.amazonaws.com/public/images/e44b1294-39f9-43ad-b41a-d58192f1270f_1983x793.png
le-syndrome-de-david-contre-goliath,201726516,https://substack-post-media.s3.amazonaws.com/public/images/f922b012-7804-4bca-88b0-8229c0372cec_1086x1448.png
le-syndrome-de-david-contre-goliath,201726516,https://substack-post-media.s3.amazonaws.com/public/images/7fcf7d5e-e5d5-4247-a45d-8d9d92f1bb3c_1024x1536.png
le-syndrome-de-david-contre-goliath,201726516,https://substack-post-media.s3.amazonaws.com/public/images/c461ad1f-ca6f-41db-82a0-f1201c1f2997_1024x1536.png
le-syndrome-de-david-contre-goliath,201726516,https://substack-post-media.s3.amazonaws.com/public/images/b37bd4c9-f6d8-4dea-bc53-c2da4421a13d_1024x1536.png
le-syndrome-de-david-contre-goliath,201726516,https://substack-post-media.s3.amazonaws.com/public/images/95723518-1b6a-48a3-93de-240a38624b13_1024x1536.png
le-syndrome-de-david-contre-goliath,201726516,https://substack-post-media.s3.amazonaws.com/public/images/13cc7841-605a-4ad0-adb0-23288d5ffc45_1086x1448.png
le-syndrome-de-david-contre-goliath,201726516,https://substack-post-media.s3.amazonaws.com/public/images/4cf728f2-8185-42e4-ba7b-40041730edfc_1086x1448.png
le-syndrome-de-david-contre-goliath,201726516,https://substack-post-media.s3.amazonaws.com/public/images/1c0d6522-3462-4d9d-832f-14532f9a4a74_1624x969.png
adn,201846666,https://substack-post-media.s3.amazonaws.com/public/images/e44b1294-39f9-43ad-b41a-d58192f1270f_1983x793.png
adn,201846666,https://substack-post-media.s3.amazonaws.com/public/images/8502a410-b262-47c1-a240-59fb6cc363c0_1024x1536.png
adn,201846666,https://substack-post-media.s3.amazonaws.com/public/images/ce8ced62-7dec-4626-bbbc-d2d345d7aff6_1254x1254.png
adn,201846666,https://substack-post-media.s3.amazonaws.com/public/images/4962f504-0dd4-4124-85bb-a3acdfdcbdca_1254x1254.png
adn,201846666,https://substack-post-media.s3.amazonaws.com/public/images/04325487-28c9-447f-b287-325021301888_1254x1254.png
adn,201846666,https://substack-post-media.s3.amazonaws.com/public/images/75a7a2c3-b822-41b9-9b91-f1a2471204ea_1254x1254.png
adn,201846666,https://substack-post-media.s3.amazonaws.com/public/images/0e84144d-8a3e-4fc7-9670-1717ac35c730_1254x1254.png
adn,201846666,https://substack-post-media.s3.amazonaws.com/public/images/1c0d6522-3462-4d9d-832f-14532f9a4a74_1624x969.png
versus,202037331,https://substack-post-media.s3.amazonaws.com/public/images/e44b1294-39f9-43ad-b41a-d58192f1270f_1983x793.png
versus,202037331,https://substack-post-media.s3.amazonaws.com/public/images/9e16b9c0-fa2f-43ac-8b7f-71f5bfd5a3ed_1024x1536.png
versus,202037331,https://substack-post-media.s3.amazonaws.com/public/images/cee44b5c-c12f-40be-863e-0db2de5111d1_1054x1492.png
versus,202037331,https://substack-post-media.s3.amazonaws.com/public/images/7e5f789d-3b6b-4e35-bb18-ef553c2e38aa_1054x1492.png
versus,202037331,https://substack-post-media.s3.amazonaws.com/public/images/7380f339-1fae-4c78-9be6-67c5e457c84a_1054x1492.png
versus,202037331,https://substack-post-media.s3.amazonaws.com/public/images/9f74e44e-c4bb-46ee-93ae-6a83ea2c1a7f_1054x1492.png
versus,202037331,https://substack-post-media.s3.amazonaws.com/public/images/4092711f-64bf-42e5-b9bb-4dadafc90c44_1054x1492.png
versus,202037331,https://substack-post-media.s3.amazonaws.com/public/images/1c0d6522-3462-4d9d-832f-14532f9a4a74_1624x969.png
scientia,202095367,https://substack-post-media.s3.amazonaws.com/public/images/612fec88-5573-4927-90f2-81805b5e7a01_1983x793.png
scientia,202095367,https://substack-post-media.s3.amazonaws.com/public/images/c3c7a6df-b6e3-4b30-8513-a4a9a0fdeec9_1024x1536.png
scientia,202095367,https://substack-post-media.s3.amazonaws.com/public/images/dab4ae41-25cd-4302-9e0a-a70eb9b0a899_2244x1668.png
scientia,202095367,https://substack-post-media.s3.amazonaws.com/public/images/d4930000-a76b-4b53-a0ff-5cbf7cbc57f1_1023x1537.png
scientia,202095367,https://substack-post-media.s3.amazonaws.com/public/images/537a3509-2d50-4baf-a46b-8dbec583a078_1942x809.png
scientia,202095367,https://substack-post-media.s3.amazonaws.com/public/images/51432974-e16c-44e3-9fde-04de07485149_1024x1536.png
scientia,202095367,https://substack-post-media.s3.amazonaws.com/public/images/02989640-7582-42d5-a779-c0612af2450d_1942x809.png
scientia,202095367,https://substack-post-media.s3.amazonaws.com/public/images/ad5f89f7-c524-4194-a58d-6747bc7ba195_1024x1536.png
scientia,202095367,https://substack-post-media.s3.amazonaws.com/public/images/5f114c9b-496a-43ed-adfb-74a11c434ffc_1942x809.png
scientia,202095367,https://substack-post-media.s3.amazonaws.com/public/images/965381fd-39d1-400b-8a09-0ff49f62256d_1024x1536.png
scientia,202095367,https://substack-post-media.s3.amazonaws.com/public/images/3db19133-a324-40b4-a0eb-b8f4e8357656_1942x809.png
scientia,202095367,https://substack-post-media.s3.amazonaws.com/public/images/1c621228-89f0-4d44-931b-38911428d748_1023x1537.png
scientia,202095367,https://substack-post-media.s3.amazonaws.com/public/images/007425dc-eafd-4f35-9b88-d551e222869e_1942x809.png
scientia,202095367,https://substack-post-media.s3.amazonaws.com/public/images/4dcbc81c-1438-4447-af1a-edf33307bcad_2244x1668.png
scientia,202095367,https://substack-post-media.s3.amazonaws.com/public/images/1c0d6522-3462-4d9d-832f-14532f9a4a74_1624x969.png
salus,202290633,https://substack-post-media.s3.amazonaws.com/public/images/612fec88-5573-4927-90f2-81805b5e7a01_1983x793.png
salus,202290633,https://substack-post-media.s3.amazonaws.com/public/images/5354748e-1718-49ab-9d0e-edae0cf7e385_1024x1536.png
salus,202290633,https://substack-post-media.s3.amazonaws.com/public/images/dab4ae41-25cd-4302-9e0a-a70eb9b0a899_2244x1668.png
salus,202290633,https://substack-post-media.s3.amazonaws.com/public/images/38107ae1-c3b3-4516-b1e2-7156f550fcd3_1024x1536.png
salus,202290633,https://substack-post-media.s3.amazonaws.com/public/images/537a3509-2d50-4baf-a46b-8dbec583a078_1942x809.png
salus,202290633,https://substack-post-media.s3.amazonaws.com/public/images/70386941-5746-49c2-9d86-cfbb7d3a7fa5_1024x1536.png
salus,202290633,https://substack-post-media.s3.amazonaws.com/public/images/02989640-7582-42d5-a779-c0612af2450d_1942x809.png
salus,202290633,https://substack-post-media.s3.amazonaws.com/public/images/c431321b-2b23-4ace-83ec-d9b5886734f9_1024x1536.png
salus,202290633,https://substack-post-media.s3.amazonaws.com/public/images/5f114c9b-496a-43ed-adfb-74a11c434ffc_1942x809.png
salus,202290633,https://substack-post-media.s3.amazonaws.com/public/images/795746c1-4a8b-4100-9046-be9a7f7a6e1d_1024x1536.png
salus,202290633,https://substack-post-media.s3.amazonaws.com/public/images/3db19133-a324-40b4-a0eb-b8f4e8357656_1942x809.png
salus,202290633,https://substack-post-media.s3.amazonaws.com/public/images/3bc87bc0-802c-44fd-8a3c-e0367dd46256_1024x1536.png
salus,202290633,https://substack-post-media.s3.amazonaws.com/public/images/007425dc-eafd-4f35-9b88-d551e222869e_1942x809.png
salus,202290633,https://substack-post-media.s3.amazonaws.com/public/images/4dcbc81c-1438-4447-af1a-edf33307bcad_2244x1668.png
salus,202290633,https://substack-post-media.s3.amazonaws.com/public/images/1c0d6522-3462-4d9d-832f-14532f9a4a74_1624x969.png
benevolentia,202409678,https://substack-post-media.s3.amazonaws.com/public/images/612fec88-5573-4927-90f2-81805b5e7a01_1983x793.png
benevolentia,202409678,https://substack-post-media.s3.amazonaws.com/public/images/ba1d17d0-0a71-41c3-97e3-33ffb78461b4_1024x1536.png
benevolentia,202409678,https://substack-post-media.s3.amazonaws.com/public/images/dab4ae41-25cd-4302-9e0a-a70eb9b0a899_2244x1668.png
benevolentia,202409678,https://substack-post-media.s3.amazonaws.com/public/images/5aabae66-c7a2-4578-b605-c7093b13b2e8_1024x1536.png
benevolentia,202409678,https://substack-post-media.s3.amazonaws.com/public/images/537a3509-2d50-4baf-a46b-8dbec583a078_1942x809.png
benevolentia,202409678,https://substack-post-media.s3.amazonaws.com/public/images/a59cf3fc-12fc-4857-ae76-15f5fdda8dd4_1055x1491.png
benevolentia,202409678,https://substack-post-media.s3.amazonaws.com/public/images/02989640-7582-42d5-a779-c0612af2450d_1942x809.png
benevolentia,202409678,https://substack-post-media.s3.amazonaws.com/public/images/2230e124-d659-43be-b3a2-f4ca0f8c9925_1024x1536.png
benevolentia,202409678,https://substack-post-media.s3.amazonaws.com/public/images/5f114c9b-496a-43ed-adfb-74a11c434ffc_1942x809.png
benevolentia,202409678,https://substack-post-media.s3.amazonaws.com/public/images/e34e7bc1-8ddb-4a7c-abd6-d04e19b4f525_1024x1536.png
benevolentia,202409678,https://substack-post-media.s3.amazonaws.com/public/images/3db19133-a324-40b4-a0eb-b8f4e8357656_1942x809.png
benevolentia,202409678,https://substack-post-media.s3.amazonaws.com/public/images/7e2901d3-2c16-4897-b6f5-f9fc0a86d7f1_1122x1402.png
benevolentia,202409678,https://substack-post-media.s3.amazonaws.com/public/images/007425dc-eafd-4f35-9b88-d551e222869e_1942x809.png
benevolentia,202409678,https://substack-post-media.s3.amazonaws.com/public/images/4dcbc81c-1438-4447-af1a-edf33307bcad_2244x1668.png
benevolentia,202409678,https://substack-post-media.s3.amazonaws.com/public/images/1c0d6522-3462-4d9d-832f-14532f9a4a74_1624x969.png
ambitio,202467665,https://substack-post-media.s3.amazonaws.com/public/images/612fec88-5573-4927-90f2-81805b5e7a01_1983x793.png
ambitio,202467665,https://substack-post-media.s3.amazonaws.com/public/images/6fa5ff79-9b2b-40cf-a926-49a9fb243b35_1024x1536.png
ambitio,202467665,https://substack-post-media.s3.amazonaws.com/public/images/dab4ae41-25cd-4302-9e0a-a70eb9b0a899_2244x1668.png
ambitio,202467665,https://substack-post-media.s3.amazonaws.com/public/images/34b4e9c1-e94d-4a4b-aabd-9f8e79806564_1024x1536.png
ambitio,202467665,https://substack-post-media.s3.amazonaws.com/public/images/537a3509-2d50-4baf-a46b-8dbec583a078_1942x809.png
ambitio,202467665,https://substack-post-media.s3.amazonaws.com/public/images/4543fb49-6d35-4155-8486-9bf85760a2d4_1024x1536.png
ambitio,202467665,https://substack-post-media.s3.amazonaws.com/public/images/02989640-7582-42d5-a779-c0612af2450d_1942x809.png
ambitio,202467665,https://substack-post-media.s3.amazonaws.com/public/images/ceb8607a-f6f7-46d4-880f-0efdc862110f_1024x1536.png
ambitio,202467665,https://substack-post-media.s3.amazonaws.com/public/images/5f114c9b-496a-43ed-adfb-74a11c434ffc_1942x809.png
ambitio,202467665,https://substack-post-media.s3.amazonaws.com/public/images/14c55ca5-3ae5-40e2-acff-604ea3eeb23a_1024x1536.png
ambitio,202467665,https://substack-post-media.s3.amazonaws.com/public/images/3db19133-a324-40b4-a0eb-b8f4e8357656_1942x809.png
ambitio,202467665,https://substack-post-media.s3.amazonaws.com/public/images/d909a084-4a77-4c27-a359-2e8f03ee7808_948x1659.png
ambitio,202467665,https://substack-post-media.s3.amazonaws.com/public/images/007425dc-eafd-4f35-9b88-d551e222869e_1942x809.png
ambitio,202467665,https://substack-post-media.s3.amazonaws.com/public/images/4dcbc81c-1438-4447-af1a-edf33307bcad_2244x1668.png
ambitio,202467665,https://substack-post-media.s3.amazonaws.com/public/images/1c0d6522-3462-4d9d-832f-14532f9a4a74_1624x969.png
innovatio,202553024,https://substack-post-media.s3.amazonaws.com/public/images/612fec88-5573-4927-90f2-81805b5e7a01_1983x793.png
innovatio,202553024,https://substack-post-media.s3.amazonaws.com/public/images/255e96ae-fd43-4b49-bf41-1397389da90e_1024x1536.png
innovatio,202553024,https://substack-post-media.s3.amazonaws.com/public/images/dab4ae41-25cd-4302-9e0a-a70eb9b0a899_2244x1668.png
innovatio,202553024,https://substack-post-media.s3.amazonaws.com/public/images/7412df23-50a5-44bd-9961-d47d7f94be4d_1024x1536.png
innovatio,202553024,https://substack-post-media.s3.amazonaws.com/public/images/537a3509-2d50-4baf-a46b-8dbec583a078_1942x809.png
innovatio,202553024,https://substack-post-media.s3.amazonaws.com/public/images/d0cdc8e8-5238-485b-9076-13c9924ff8b3_1024x1536.png
innovatio,202553024,https://substack-post-media.s3.amazonaws.com/public/images/02989640-7582-42d5-a779-c0612af2450d_1942x809.png
innovatio,202553024,https://substack-post-media.s3.amazonaws.com/public/images/824d121d-e891-46b3-8657-58f09a6c56c1_1024x1536.png
innovatio,202553024,https://substack-post-media.s3.amazonaws.com/public/images/5f114c9b-496a-43ed-adfb-74a11c434ffc_1942x809.png
innovatio,202553024,https://substack-post-media.s3.amazonaws.com/public/images/e32d2c2b-2131-42de-98b3-0b3ed073ba5e_1024x1536.png
innovatio,202553024,https://substack-post-media.s3.amazonaws.com/public/images/3db19133-a324-40b4-a0eb-b8f4e8357656_1942x809.png
innovatio,202553024,https://substack-post-media.s3.amazonaws.com/public/images/24eac3a2-f25c-4f50-89f3-384c06b1e3ce_1024x1536.png
innovatio,202553024,https://substack-post-media.s3.amazonaws.com/public/images/007425dc-eafd-4f35-9b88-d551e222869e_1942x809.png
innovatio,202553024,https://substack-post-media.s3.amazonaws.com/public/images/4dcbc81c-1438-4447-af1a-edf33307bcad_2244x1668.png
innovatio,202553024,https://substack-post-media.s3.amazonaws.com/public/images/1c0d6522-3462-4d9d-832f-14532f9a4a74_1624x969.png
resilientia,202621645,https://substack-post-media.s3.amazonaws.com/public/images/612fec88-5573-4927-90f2-81805b5e7a01_1983x793.png
resilientia,202621645,https://substack-post-media.s3.amazonaws.com/public/images/118a2b7f-751b-4abb-8c05-3000ea3a9176_1024x1536.png
resilientia,202621645,https://substack-post-media.s3.amazonaws.com/public/images/dab4ae41-25cd-4302-9e0a-a70eb9b0a899_2244x1668.png
resilientia,202621645,https://substack-post-media.s3.amazonaws.com/public/images/90dca107-e3a2-49d3-b8c4-71d20eed896c_1024x1536.png
resilientia,202621645,https://substack-post-media.s3.amazonaws.com/public/images/537a3509-2d50-4baf-a46b-8dbec583a078_1942x809.png
resilientia,202621645,https://substack-post-media.s3.amazonaws.com/public/images/52f2c64c-57a7-4ac1-b8f7-2063f45724ab_1024x1536.png
resilientia,202621645,https://substack-post-media.s3.amazonaws.com/public/images/02989640-7582-42d5-a779-c0612af2450d_1942x809.png
resilientia,202621645,https://substack-post-media.s3.amazonaws.com/public/images/d184da3b-1c91-44b2-b68a-c7647198dfb3_1024x1536.png
resilientia,202621645,https://substack-post-media.s3.amazonaws.com/public/images/5f114c9b-496a-43ed-adfb-74a11c434ffc_1942x809.png
resilientia,202621645,https://substack-post-media.s3.amazonaws.com/public/images/68b4bd57-cb9a-43ea-8b0c-2442458b9f44_948x1659.png
resilientia,202621645,https://substack-post-media.s3.amazonaws.com/public/images/3db19133-a324-40b4-a0eb-b8f4e8357656_1942x809.png
resilientia,202621645,https://substack-post-media.s3.amazonaws.com/public/images/96e9eefe-e1f6-4136-bd19-e5d794e611bc_1024x1536.png
resilientia,202621645,https://substack-post-media.s3.amazonaws.com/public/images/007425dc-eafd-4f35-9b88-d551e222869e_1942x809.png
resilientia,202621645,https://substack-post-media.s3.amazonaws.com/public/images/4dcbc81c-1438-4447-af1a-edf33307bcad_2244x1668.png
resilientia,202621645,https://substack-post-media.s3.amazonaws.com/public/images/1c0d6522-3462-4d9d-832f-14532f9a4a74_1624x969.png
quilibrium,202713055,https://substack-post-media.s3.amazonaws.com/public/images/612fec88-5573-4927-90f2-81805b5e7a01_1983x793.png
quilibrium,202713055,https://substack-post-media.s3.amazonaws.com/public/images/3c924dc0-53f6-4038-8c14-5d2ca99c2576_1024x1536.png
quilibrium,202713055,https://substack-post-media.s3.amazonaws.com/public/images/dab4ae41-25cd-4302-9e0a-a70eb9b0a899_2244x1668.png
quilibrium,202713055,https://substack-post-media.s3.amazonaws.com/public/images/91421aaa-a646-4d02-a814-cfd0a4b0d072_1024x1536.png
quilibrium,202713055,https://substack-post-media.s3.amazonaws.com/public/images/537a3509-2d50-4baf-a46b-8dbec583a078_1942x809.png
quilibrium,202713055,https://substack-post-media.s3.amazonaws.com/public/images/91d009d3-e14f-453c-8d21-02f27194d30d_1024x1536.png
quilibrium,202713055,https://substack-post-media.s3.amazonaws.com/public/images/02989640-7582-42d5-a779-c0612af2450d_1942x809.png
quilibrium,202713055,https://substack-post-media.s3.amazonaws.com/public/images/e2391e6b-0e62-46fc-aa7b-e69ce9e88dc4_1024x1536.png
quilibrium,202713055,https://substack-post-media.s3.amazonaws.com/public/images/5f114c9b-496a-43ed-adfb-74a11c434ffc_1942x809.png
quilibrium,202713055,https://substack-post-media.s3.amazonaws.com/public/images/6d37a78f-a318-4ec4-a140-fac315e6cfc8_1024x1536.png
quilibrium,202713055,https://substack-post-media.s3.amazonaws.com/public/images/3db19133-a324-40b4-a0eb-b8f4e8357656_1942x809.png
quilibrium,202713055,https://substack-post-media.s3.amazonaws.com/public/images/65c411a6-02e7-4006-9d9f-66255a843da9_1055x1491.png
quilibrium,202713055,https://substack-post-media.s3.amazonaws.com/public/images/007425dc-eafd-4f35-9b88-d551e222869e_1942x809.png
quilibrium,202713055,https://substack-post-media.s3.amazonaws.com/public/images/4dcbc81c-1438-4447-af1a-edf33307bcad_2244x1668.png
quilibrium,202713055,https://substack-post-media.s3.amazonaws.com/public/images/1c0d6522-3462-4d9d-832f-14532f9a4a74_1624x969.png
sapientia,202738200,https://substack-post-media.s3.amazonaws.com/public/images/612fec88-5573-4927-90f2-81805b5e7a01_1983x793.png
sapientia,202738200,https://substack-post-media.s3.amazonaws.com/public/images/43819ed7-0b60-439e-af09-a6bb323ae681_1024x1536.png
sapientia,202738200,https://substack-post-media.s3.amazonaws.com/public/images/dab4ae41-25cd-4302-9e0a-a70eb9b0a899_2244x1668.png
sapientia,202738200,https://substack-post-media.s3.amazonaws.com/public/images/d237aeb9-7524-462b-9945-723383f25aa9_1024x1536.png
sapientia,202738200,https://substack-post-media.s3.amazonaws.com/public/images/537a3509-2d50-4baf-a46b-8dbec583a078_1942x809.png
sapientia,202738200,https://substack-post-media.s3.amazonaws.com/public/images/6fff5650-2242-4a01-8a02-4f5f9ef9d8cf_1024x1536.png
sapientia,202738200,https://substack-post-media.s3.amazonaws.com/public/images/02989640-7582-42d5-a779-c0612af2450d_1942x809.png
sapientia,202738200,https://substack-post-media.s3.amazonaws.com/public/images/0bd4558d-53e7-41bb-b93d-c20d4dd5ec27_1024x1536.png
sapientia,202738200,https://substack-post-media.s3.amazonaws.com/public/images/5f114c9b-496a-43ed-adfb-74a11c434ffc_1942x809.png
sapientia,202738200,https://substack-post-media.s3.amazonaws.com/public/images/25260100-390d-4f1a-8ebd-a7b65813ecf5_1024x1536.png
sapientia,202738200,https://substack-post-media.s3.amazonaws.com/public/images/3db19133-a324-40b4-a0eb-b8f4e8357656_1942x809.png
sapientia,202738200,https://substack-post-media.s3.amazonaws.com/public/images/153d4a56-fd53-4d41-aec7-10296b3f879f_1024x1536.png
sapientia,202738200,https://substack-post-media.s3.amazonaws.com/public/images/007425dc-eafd-4f35-9b88-d551e222869e_1942x809.png
sapientia,202738200,https://substack-post-media.s3.amazonaws.com/public/images/4dcbc81c-1438-4447-af1a-edf33307bcad_2244x1668.png
sapientia,202738200,https://substack-post-media.s3.amazonaws.com/public/images/1c0d6522-3462-4d9d-832f-14532f9a4a74_1624x969.png
les-epistemies-de-soi,202924460,https://substack-post-media.s3.amazonaws.com/public/images/e44b1294-39f9-43ad-b41a-d58192f1270f_1983x793.png
les-epistemies-de-soi,202924460,https://substack-post-media.s3.amazonaws.com/public/images/b05f81a1-7f8d-40f5-91b4-aca49160d9ae_1054x1492.png
les-epistemies-de-soi,202924460,https://substack-post-media.s3.amazonaws.com/public/images/26ca5c00-07c1-43c9-87f5-047582f7631a_1055x1491.png
les-epistemies-de-soi,202924460,https://substack-post-media.s3.amazonaws.com/public/images/f245b98c-1c43-4a70-8b81-a80d05f12508_1055x1491.png
les-epistemies-de-soi,202924460,https://substack-post-media.s3.amazonaws.com/public/images/fd1b534e-92ce-4d04-8f6f-09021c595d66_1055x1491.png
les-epistemies-de-soi,202924460,https://substack-post-media.s3.amazonaws.com/public/images/93e4b30a-d6a9-40fb-a1bc-62abe462357e_1055x1491.png
les-epistemies-de-soi,202924460,https://substack-post-media.s3.amazonaws.com/public/images/e6b04271-4d81-40bd-be98-440ec2015800_1055x1491.png
les-epistemies-de-soi,202924460,https://substack-post-media.s3.amazonaws.com/public/images/1c0d6522-3462-4d9d-832f-14532f9a4a74_1624x969.png
parasocial,203677465,https://substack-post-media.s3.amazonaws.com/public/images/e44b1294-39f9-43ad-b41a-d58192f1270f_1983x793.png
parasocial,203677465,https://substack-post-media.s3.amazonaws.com/public/images/3d9c6898-bb85-4137-bc9b-a6eba75603da_1086x1448.png
parasocial,203677465,https://substack-post-media.s3.amazonaws.com/public/images/a5a604af-d448-4000-9f5f-9de4c5d95652_1024x1536.png
parasocial,203677465,https://substack-post-media.s3.amazonaws.com/public/images/e99dc893-3387-4b88-a6e7-f7bb0d3be9c2_1023x1537.png
parasocial,203677465,https://substack-post-media.s3.amazonaws.com/public/images/2e255770-851b-4ba0-b811-54e95becddcb_1024x1536.png
parasocial,203677465,https://substack-post-media.s3.amazonaws.com/public/images/1c0d6522-3462-4d9d-832f-14532f9a4a74_1624x969.png
1982-depuis-la-honte-de-gijon,203801158,https://substack-post-media.s3.amazonaws.com/public/images/e44b1294-39f9-43ad-b41a-d58192f1270f_1983x793.png
1982-depuis-la-honte-de-gijon,203801158,https://substack-post-media.s3.amazonaws.com/public/images/31f87098-41b7-44b7-8053-a113804f2560_1055x1490.png
1982-depuis-la-honte-de-gijon,203801158,https://substack-post-media.s3.amazonaws.com/public/images/b61e6b7d-5939-4eab-96b3-0d1e0845eb1e_1055x1490.png
1982-depuis-la-honte-de-gijon,203801158,https://substack-post-media.s3.amazonaws.com/public/images/c4cf59bd-55a0-4260-8002-3e27580c04ae_1055x1490.png
1982-depuis-la-honte-de-gijon,203801158,https://substack-post-media.s3.amazonaws.com/public/images/6995a0cf-6017-4b57-a0a7-eced84a6d4b9_1056x1490.png
1982-depuis-la-honte-de-gijon,203801158,https://substack-post-media.s3.amazonaws.com/public/images/e9671aa3-8d1c-484a-af47-961ac55584f2_1054x1492.png
1982-depuis-la-honte-de-gijon,203801158,https://substack-post-media.s3.amazonaws.com/public/images/1c0d6522-3462-4d9d-832f-14532f9a4a74_1624x969.png
danse-generation,204292337,https://substack-post-media.s3.amazonaws.com/public/images/e44b1294-39f9-43ad-b41a-d58192f1270f_1983x793.png
danse-generation,204292337,https://substack-post-media.s3.amazonaws.com/public/images/78936aaa-3582-4c01-a1d3-99cbb22dbcc5_1087x1536.png
danse-generation,204292337,https://substack-post-media.s3.amazonaws.com/public/images/1d2f56ee-da35-4a3c-869c-14be48605d49_1087x1536.png
danse-generation,204292337,https://substack-post-media.s3.amazonaws.com/public/images/e62f2198-ae31-4f21-8c2e-12a92e96e607_1087x1536.png
danse-generation,204292337,https://substack-post-media.s3.amazonaws.com/public/images/875a12cd-f170-4880-a511-e2a5675a5498_1087x1536.png
danse-generation,204292337,https://substack-post-media.s3.amazonaws.com/public/images/8c83e2e9-fd98-4068-bdcb-f03be2e08223_1087x1536.png
danse-generation,204292337,https://substack-post-media.s3.amazonaws.com/public/images/157036eb-e830-4350-9637-2e2a31847ea2_1024x1536.png
danse-generation,204292337,https://substack-post-media.s3.amazonaws.com/public/images/1c0d6522-3462-4d9d-832f-14532f9a4a74_1624x969.png
passeurs-de-lumiere-soufisme-taoisme,204454769,https://substack-post-media.s3.amazonaws.com/public/images/e44b1294-39f9-43ad-b41a-d58192f1270f_1983x793.png
passeurs-de-lumiere-soufisme-taoisme,204454769,https://substack-post-media.s3.amazonaws.com/public/images/055ba41f-f9c3-46ce-acae-1b33d0727a59_1122x1402.png
passeurs-de-lumiere-soufisme-taoisme,204454769,https://substack-post-media.s3.amazonaws.com/public/images/fe541275-1629-4f10-9020-8c8dbe927e37_1040x1512.png
passeurs-de-lumiere-soufisme-taoisme,204454769,https://substack-post-media.s3.amazonaws.com/public/images/9b02e220-bd8c-4c50-b045-f31847e1c057_1040x1512.png
passeurs-de-lumiere-soufisme-taoisme,204454769,https://substack-post-media.s3.amazonaws.com/public/images/eef19448-34d4-45ec-ab98-8e345b28a231_1040x1512.png
passeurs-de-lumiere-soufisme-taoisme,204454769,https://substack-post-media.s3.amazonaws.com/public/images/eed76148-8b5e-4435-ac18-1b477bb018c3_1040x1512.png
passeurs-de-lumiere-soufisme-taoisme,204454769,https://substack-post-media.s3.amazonaws.com/public/images/6f55ad44-a61b-4e6c-ba82-e2da04b0e1ad_1040x1512.png
passeurs-de-lumiere-soufisme-taoisme,204454769,https://substack-post-media.s3.amazonaws.com/public/images/1f956f76-ce23-4933-99e4-ab3f7bf967ff_1040x1512.png
passeurs-de-lumiere-soufisme-taoisme,204454769,https://substack-post-media.s3.amazonaws.com/public/images/79016e93-8fd5-4b11-a74c-765ba3d6134d_1040x1512.png
passeurs-de-lumiere-soufisme-taoisme,204454769,https://substack-post-media.s3.amazonaws.com/public/images/841045b8-3afd-4e83-aad5-d1ba0989bd04_1040x1512.png
passeurs-de-lumiere-soufisme-taoisme,204454769,https://substack-post-media.s3.amazonaws.com/public/images/1c0d6522-3462-4d9d-832f-14532f9a4a74_1624x969.png
techno-sapiens-i,204643687,https://substack-post-media.s3.amazonaws.com/public/images/e44b1294-39f9-43ad-b41a-d58192f1270f_1983x793.png
techno-sapiens-i,204643687,https://substack-post-media.s3.amazonaws.com/public/images/3420f9f7-c68e-4b2d-933c-7ef4caab2523_1122x1402.png
techno-sapiens-i,204643687,https://substack-post-media.s3.amazonaws.com/public/images/6262c8b2-3568-44e5-8056-902b9c416338_1122x1402.png
techno-sapiens-i,204643687,https://substack-post-media.s3.amazonaws.com/public/images/49b75398-53c2-41a5-8260-d60955c937a5_1536x1024.png
techno-sapiens-i,204643687,https://substack-post-media.s3.amazonaws.com/public/images/deb42232-5474-4641-9bb6-f8722d2d4d23_1122x1402.png
techno-sapiens-i,204643687,https://substack-post-media.s3.amazonaws.com/public/images/44a72895-c434-4bbe-af6d-af17d199085a_1536x1024.png
techno-sapiens-i,204643687,https://substack-post-media.s3.amazonaws.com/public/images/fbc8f04c-edfc-494c-a468-bf1ebf842ff9_1122x1402.png
techno-sapiens-i,204643687,https://substack-post-media.s3.amazonaws.com/public/images/2364157b-e308-44c2-b393-3f0fd5303023_1536x1024.png
techno-sapiens-i,204643687,https://substack-post-media.s3.amazonaws.com/public/images/1c0d6522-3462-4d9d-832f-14532f9a4a74_1624x969.png
techno-sapiens-ii,205454938,https://substack-post-media.s3.amazonaws.com/public/images/e44b1294-39f9-43ad-b41a-d58192f1270f_1983x793.png
techno-sapiens-ii,205454938,https://substack-post-media.s3.amazonaws.com/public/images/28914d98-c658-4145-96b4-43a1097b5dcc_1122x1402.png
techno-sapiens-ii,205454938,https://substack-post-media.s3.amazonaws.com/public/images/51200dcd-b5e5-4235-9d74-d1219930cd64_1122x1402.png
techno-sapiens-ii,205454938,https://substack-post-media.s3.amazonaws.com/public/images/69b0bcb9-2d11-441b-a433-23845eeca450_1052x1495.png
techno-sapiens-ii,205454938,https://substack-post-media.s3.amazonaws.com/public/images/3f22fc90-b3ad-4b99-88f5-c453a5b63655_1448x1086.png
techno-sapiens-ii,205454938,https://substack-post-media.s3.amazonaws.com/public/images/ffd4e008-0375-4952-9cf3-519819fbfe5a_1052x1495.png
techno-sapiens-ii,205454938,https://substack-post-media.s3.amazonaws.com/public/images/7f6ff3e4-8710-47a9-8de6-1988643c5da0_1448x1086.png
techno-sapiens-ii,205454938,https://substack-post-media.s3.amazonaws.com/public/images/d0b6fbf3-2d20-4251-afea-5ce048c8681e_1122x1402.png
techno-sapiens-ii,205454938,https://substack-post-media.s3.amazonaws.com/public/images/ccb896a5-a3e7-48d4-9bc3-b59240177f88_1122x1402.png
techno-sapiens-ii,205454938,https://substack-post-media.s3.amazonaws.com/public/images/977b5547-55eb-4288-bdc9-3e6d845c85c6_1492x1054.png
techno-sapiens-ii,205454938,https://substack-post-media.s3.amazonaws.com/public/images/e04f581b-de75-4769-9f4e-49d818ee9c89_1402x1122.png
techno-sapiens-ii,205454938,https://substack-post-media.s3.amazonaws.com/public/images/1c0d6522-3462-4d9d-832f-14532f9a4a74_1624x969.png
sale-arabe,205850177,https://substack-post-media.s3.amazonaws.com/public/images/e44b1294-39f9-43ad-b41a-d58192f1270f_1983x793.png
sale-arabe,205850177,https://substack-post-media.s3.amazonaws.com/public/images/0b2633a9-9183-4335-8dd6-b136d5ae3c14_1086x1448.png
sale-arabe,205850177,https://substack-post-media.s3.amazonaws.com/public/images/b8bc0831-ca7b-4f40-b40a-3abb9af4e600_1600x2000.png
sale-arabe,205850177,https://substack-post-media.s3.amazonaws.com/public/images/cc5106d9-eae5-4b90-988c-b7c3aeeb143d_1086x1448.png
sale-arabe,205850177,https://substack-post-media.s3.amazonaws.com/public/images/5b292281-62e6-4d61-bc6a-4cd32329e07d_1086x1448.png
sale-arabe,205850177,https://substack-post-media.s3.amazonaws.com/public/images/eb416589-99a8-4a14-b3ab-72f55ce7fded_1086x1448.png
sale-arabe,205850177,https://substack-post-media.s3.amazonaws.com/public/images/e7aff09a-bbbe-4404-a063-69d8dd2dcfcf_1086x1448.png
sale-arabe,205850177,https://substack-post-media.s3.amazonaws.com/public/images/1c0d6522-3462-4d9d-832f-14532f9a4a74_1624x969.png
pronoia,206334151,https://substack-post-media.s3.amazonaws.com/public/images/e44b1294-39f9-43ad-b41a-d58192f1270f_1983x793.png
pronoia,206334151,https://substack-post-media.s3.amazonaws.com/public/images/3f7923e2-8854-4332-95f7-8bc9e0073333_1023x1537.png
pronoia,206334151,https://substack-post-media.s3.amazonaws.com/public/images/264d1a70-53d7-4e0b-a553-542e69b8bb39_1023x1537.png
pronoia,206334151,https://substack-post-media.s3.amazonaws.com/public/images/c972a873-9dca-4d76-b9c7-2c53ae4cd198_1023x1537.png
pronoia,206334151,https://substack-post-media.s3.amazonaws.com/public/images/321a0b77-27e2-4214-9f66-d14064e6590d_1023x1537.png
pronoia,206334151,https://substack-post-media.s3.amazonaws.com/public/images/42b56d06-4a90-4f35-b94a-be6370a9ba72_1023x1537.png
pronoia,206334151,https://substack-post-media.s3.amazonaws.com/public/images/d1a6e5af-3457-48bf-8834-8d8dd366ec68_1023x1537.png
pronoia,206334151,https://substack-post-media.s3.amazonaws.com/public/images/1c0d6522-3462-4d9d-832f-14532f9a4a74_1624x969.png
techno-sapiens-iii,206471383,https://substack-post-media.s3.amazonaws.com/public/images/d76d0010-5634-4567-bd8d-48e9c80ce2ad_1086x1448.png
techno-sapiens-iii,206471383,https://substack-post-media.s3.amazonaws.com/public/images/c7165632-0f14-489a-8cda-7ea5bdb473cd_1123x1401.png
techno-sapiens-iii,206471383,https://substack-post-media.s3.amazonaws.com/public/images/5b2e27c1-34c5-467a-9a27-3f857195ec8e_1122x1402.png
techno-sapiens-iii,206471383,https://substack-post-media.s3.amazonaws.com/public/images/9f64990e-f637-4072-a967-567ae1ba1748_1448x1086.webp
techno-sapiens-iii,206471383,https://substack-post-media.s3.amazonaws.com/public/images/cd361a96-4c29-46c3-a1b4-33c592b6169d_1122x1402.png
techno-sapiens-iii,206471383,https://substack-post-media.s3.amazonaws.com/public/images/6e062323-5872-48be-84d0-600d18d32715_1047x1501.png
techno-sapiens-iii,206471383,https://substack-post-media.s3.amazonaws.com/public/images/a8e3bcf7-6ee8-450e-8329-d3715e9fd394_1055x1491.png
techno-sapiens-iii,206471383,https://substack-post-media.s3.amazonaws.com/public/images/bd090f50-b50d-4844-a63b-26f047da73d3_1122x1402.png
copy-techno-sapiens-iii,206826598,https://substack-post-media.s3.amazonaws.com/public/images/d76d0010-5634-4567-bd8d-48e9c80ce2ad_1086x1448.png
copy-techno-sapiens-iii,206826598,https://substack-post-media.s3.amazonaws.com/public/images/c7165632-0f14-489a-8cda-7ea5bdb473cd_1123x1401.png
copy-techno-sapiens-iii,206826598,https://substack-post-media.s3.amazonaws.com/public/images/5b2e27c1-34c5-467a-9a27-3f857195ec8e_1122x1402.png
copy-techno-sapiens-iii,206826598,https://substack-post-media.s3.amazonaws.com/public/images/9f64990e-f637-4072-a967-567ae1ba1748_1448x1086.webp
copy-techno-sapiens-iii,206826598,https://substack-post-media.s3.amazonaws.com/public/images/cd361a96-4c29-46c3-a1b4-33c592b6169d_1122x1402.png
copy-techno-sapiens-iii,206826598,https://substack-post-media.s3.amazonaws.com/public/images/6e062323-5872-48be-84d0-600d18d32715_1047x1501.png
copy-techno-sapiens-iii,206826598,https://substack-post-media.s3.amazonaws.com/public/images/a8e3bcf7-6ee8-450e-8329-d3715e9fd394_1055x1491.png
copy-techno-sapiens-iii,207032572,https://substack-post-media.s3.amazonaws.com/public/images/d76d0010-5634-4567-bd8d-48e9c80ce2ad_1086x1448.png
copy-techno-sapiens-iii,207032572,https://substack-post-media.s3.amazonaws.com/public/images/c7165632-0f14-489a-8cda-7ea5bdb473cd_1123x1401.png
copy-techno-sapiens-iii,207032572,https://substack-post-media.s3.amazonaws.com/public/images/5b2e27c1-34c5-467a-9a27-3f857195ec8e_1122x1402.png
copy-techno-sapiens-iii,207032572,https://substack-post-media.s3.amazonaws.com/public/images/9f64990e-f637-4072-a967-567ae1ba1748_1448x1086.webp
copy-techno-sapiens-iii,207032572,https://substack-post-media.s3.amazonaws.com/public/images/cd361a96-4c29-46c3-a1b4-33c592b6169d_1122x1402.png
copy-techno-sapiens-iii,207032572,https://substack-post-media.s3.amazonaws.com/public/images/6e062323-5872-48be-84d0-600d18d32715_1047x1501.png
copy-techno-sapiens-iii,207032572,https://substack-post-media.s3.amazonaws.com/public/images/a8e3bcf7-6ee8-450e-8329-d3715e9fd394_1055x1491.png
copy-techno-sapiens-iii,207032572,https://substack-post-media.s3.amazonaws.com/public/images/bd090f50-b50d-4844-a63b-26f047da73d3_1122x1402.png
copy-techno-sapiens-iii,207033417,https://substack-post-media.s3.amazonaws.com/public/images/d76d0010-5634-4567-bd8d-48e9c80ce2ad_1086x1448.png
copy-techno-sapiens-iii,207033417,https://substack-post-media.s3.amazonaws.com/public/images/c7165632-0f14-489a-8cda-7ea5bdb473cd_1123x1401.png
copy-techno-sapiens-iii,207033417,https://substack-post-media.s3.amazonaws.com/public/images/5b2e27c1-34c5-467a-9a27-3f857195ec8e_1122x1402.png
copy-techno-sapiens-iii,207033417,https://substack-post-media.s3.amazonaws.com/public/images/9f64990e-f637-4072-a967-567ae1ba1748_1448x1086.webp
copy-techno-sapiens-iii,207033417,https://substack-post-media.s3.amazonaws.com/public/images/cd361a96-4c29-46c3-a1b4-33c592b6169d_1122x1402.png
copy-techno-sapiens-iii,207033417,https://substack-post-media.s3.amazonaws.com/public/images/6e062323-5872-48be-84d0-600d18d32715_1047x1501.png
copy-techno-sapiens-iii,207033417,https://substack-post-media.s3.amazonaws.com/public/images/a8e3bcf7-6ee8-450e-8329-d3715e9fd394_1055x1491.png
copy-techno-sapiens-iii,207033417,https://substack-post-media.s3.amazonaws.com/public/images/bd090f50-b50d-4844-a63b-26f047da73d3_1122x1402.png
dev-perso-and-new-age,207285866,https://substack-post-media.s3.amazonaws.com/public/images/10462f53-f952-4bc7-b11c-a2878eea67f3_1983x793.png
dev-perso-and-new-age,207285866,https://substack-post-media.s3.amazonaws.com/public/images/220acebd-ec70-4a6f-a62b-305cb433e8b8_1055x1490.png
dev-perso-and-new-age,207285866,https://substack-post-media.s3.amazonaws.com/public/images/31b9fa4b-6195-4cd6-b15b-e3db27d03be7_1054x1492.png
dev-perso-and-new-age,207285866,https://substack-post-media.s3.amazonaws.com/public/images/c4fecfb4-90f4-476a-9016-053ce8a945f6_1055x1491.png
dev-perso-and-new-age,207285866,https://substack-post-media.s3.amazonaws.com/public/images/c876acf2-ce97-49a3-b97f-0c8cfc91ba34_1054x1492.png
dev-perso-and-new-age,207285866,https://substack-post-media.s3.amazonaws.com/public/images/0926e39e-5ed9-4fa4-861f-869ba7248070_1122x1402.png
dev-perso-and-new-age,207285866,https://substack-post-media.s3.amazonaws.com/public/images/d9d6c6d1-8f96-4256-a78e-be2c7bd94015_1024x1536.png
dev-perso-and-new-age,207285866,https://substack-post-media.s3.amazonaws.com/public/images/a6b46c83-7153-4042-ba8e-44a7af219cb7_1448x1086.png
dev-perso-and-new-age,207285866,https://substack-post-media.s3.amazonaws.com/public/images/1c0d6522-3462-4d9d-832f-14532f9a4a74_1624x969.png
lhymne-du-verbe-vertical,207748549,https://substack-post-media.s3.amazonaws.com/public/images/af3d31ea-29f4-4bc6-abf3-8b1e2e693670_1983x793.png
lhymne-du-verbe-vertical,207748549,https://substack-post-media.s3.amazonaws.com/public/images/3e1ae840-2836-4961-a600-7ad816415674_1055x1491.png
lhymne-du-verbe-vertical,207748549,https://substack-post-media.s3.amazonaws.com/public/images/73954193-5531-4c1b-ace2-f15dfe4deb1a_1024x1536.png
lhymne-du-verbe-vertical,207748549,https://substack-post-media.s3.amazonaws.com/public/images/b97645f7-2cc4-4917-96cc-baa851af0789_1024x1536.png
lhymne-du-verbe-vertical,207748549,https://substack-post-media.s3.amazonaws.com/public/images/9dfd4b23-256f-4bb0-8ea2-1f7097709315_1024x1536.png
lhymne-du-verbe-vertical,207748549,https://substack-post-media.s3.amazonaws.com/public/images/300911d4-dbb2-4efb-ad70-f801b9d0add4_1448x1086.png
lhymne-du-verbe-vertical,207748549,https://substack-post-media.s3.amazonaws.com/public/images/1c0d6522-3462-4d9d-832f-14532f9a4a74_1624x969.png
au-dela,207956851,https://substack-post-media.s3.amazonaws.com/public/images/af3d31ea-29f4-4bc6-abf3-8b1e2e693670_1983x793.png
au-dela,207956851,https://substack-post-media.s3.amazonaws.com/public/images/8fcea4f4-0f5c-4ccf-885c-65ff3b800d23_1024x1536.png
au-dela,207956851,https://substack-post-media.s3.amazonaws.com/public/images/1c0d6522-3462-4d9d-832f-14532f9a4a74_1624x969.png
copy-jecris-pour-survivre,208043575,https://substack-post-media.s3.amazonaws.com/public/images/f1dfd913-4a70-43e7-862a-0b1bbdc7b8b6_985x1227.jpeg
copy-jecris-pour-survivre,208043575,https://substack-post-media.s3.amazonaws.com/public/images/7f88554c-d38b-41c1-a217-ad1784617ec2_1080x815.jpeg
copy-jecris-pour-survivre,208043575,https://substack-post-media.s3.amazonaws.com/public/images/af7cb101-c2a3-4d0e-9749-9807624ad41a_1080x876.jpeg
copy-jecris-pour-survivre,208043575,https://substack-post-media.s3.amazonaws.com/public/images/fc8c8dfc-2ca9-4e7f-b956-9ad3b792a126_1080x866.jpeg
copy-jecris-pour-survivre,208043575,https://substack-post-media.s3.amazonaws.com/public/images/d3357d7b-ae43-4c61-9ade-07ae775bf2c6_1080x877.jpeg
copy-jecris-pour-survivre,208043575,https://substack-post-media.s3.amazonaws.com/public/images/fa637d5c-faab-4e9d-904f-03b3430981a6_1080x848.jpeg
copy-jecris-pour-survivre,208043575,https://substack-post-media.s3.amazonaws.com/public/images/b7d999ba-02fc-4b34-8d68-caf00d8770d7_1080x701.jpeg
copy-jecris-pour-survivre,208043575,https://substack-post-media.s3.amazonaws.com/public/images/9128655b-b6df-49a6-b078-f3283e244ea2_1080x639.jpeg
copy-jecris-pour-survivre,208043575,https://substack-post-media.s3.amazonaws.com/public/images/2c7b4dff-8e19-489c-aea7-5aed995c775d_1080x351.jpeg
copy-jecris-pour-survivre,208043575,https://substack-post-media.s3.amazonaws.com/public/images/f0149548-4e0c-4cc3-a88e-a3152121d598_989x1244.jpeg
copy-jecris-pour-survivre,208043575,https://substack-post-media.s3.amazonaws.com/public/images/95a1e694-3ab8-45a2-9481-f2335050ae99_987x1240.jpeg
copy-jecris-pour-survivre,208043575,https://substack-post-media.s3.amazonaws.com/public/images/6a92c9d4-2459-4173-b9cc-8bea6760408f_994x1232.jpeg
copy-jecris-pour-survivre,208043575,https://substack-post-media.s3.amazonaws.com/public/images/350768ea-bce8-4ef2-aad6-69f1baf8b528_996x1240.jpeg
copy-jecris-pour-survivre,208043575,https://substack-post-media.s3.amazonaws.com/public/images/1425e87d-f3c6-4bb1-8e75-5f48e0a8abbe_993x1233.jpeg
copy-jecris-pour-survivre,208043575,https://substack-post-media.s3.amazonaws.com/public/images/9fff30e4-8871-45cf-9d5b-45e5b3549526_1005x1247.jpeg
copy-jecris-pour-survivre,208043575,https://substack-post-media.s3.amazonaws.com/public/images/f7005b9b-999f-472e-b41a-4f26cbf6af1d_470x531.png
copy-jecris-pour-survivre,208043575,https://substack-post-media.s3.amazonaws.com/public/images/ba053a91-2559-4d33-8876-586f2e6dc7f1_981x1222.jpeg
copy-jecris-pour-survivre,208043575,https://substack-post-media.s3.amazonaws.com/public/images/25825494-b2ec-4593-8348-09fdc9fae297_1080x1016.jpeg
copy-jecris-pour-survivre,208043575,https://substack-post-media.s3.amazonaws.com/public/images/36c09c2c-bd5f-4fa3-8a6d-7cab32c361e4_993x1237.jpeg
copy-jecris-pour-survivre,208043575,https://substack-post-media.s3.amazonaws.com/public/images/ce474b71-5033-4df9-85ca-f97f6ad5409e_1080x1073.jpeg
copy-jecris-pour-survivre,208043575,https://substack-post-media.s3.amazonaws.com/public/images/fd3d73a6-e1ed-42fd-b237-ff249f9183e1_985x1233.jpeg
copy-jecris-pour-survivre,208043575,https://substack-post-media.s3.amazonaws.com/public/images/c4ffb2cf-88b1-4c7c-830a-d931965bd1dd_984x1233.jpeg
copy-jecris-pour-survivre,208043575,https://substack-post-media.s3.amazonaws.com/public/images/0bf13317-1c60-43dd-8d5d-de7c9571bbea_1010x1264.jpeg
copy-jecris-pour-survivre,208043575,https://substack-post-media.s3.amazonaws.com/public/images/d23e4349-880e-4af0-99de-1af3f7ea699e_988x1233.jpeg
copy-jecris-pour-survivre,208043575,https://substack-post-media.s3.amazonaws.com/public/images/4206f33e-a7f0-43b0-bd90-06384fb4b2fd_1024x1536.jpeg
copy-jecris-pour-survivre,208043575,https://substack-post-media.s3.amazonaws.com/public/images/01a3c389-8051-4a3b-848b-de00f5db3f7d_859x561.jpeg
copy-jecris-pour-survivre,208043575,https://substack-post-media.s3.amazonaws.com/public/images/3f68da21-8d84-48e9-b369-e10207d71c61_1080x705.jpeg
je-je-je,208906414,https://substack-post-media.s3.amazonaws.com/public/images/af3d31ea-29f4-4bc6-abf3-8b1e2e693670_1983x793.png
je-je-je,208906414,https://substack-post-media.s3.amazonaws.com/public/images/02743b9e-19e3-4089-a9f3-254a3853c450_1023x1537.png
je-je-je,208906414,https://substack-post-media.s3.amazonaws.com/public/images/02ae5316-ad15-4fe0-9d02-d1c906fea358_1448x1086.png
je-je-je,208906414,https://substack-post-media.s3.amazonaws.com/public/images/3b0edf5e-ffea-4ddb-8b6c-2e4dfb36d1c7_1448x1086.png
je-je-je,208906414,https://substack-post-media.s3.amazonaws.com/public/images/1c0d6522-3462-4d9d-832f-14532f9a4a74_1624x969.png
du-moralisateur-au-psychologisateur,209891281,https://substack-post-media.s3.amazonaws.com/public/images/10462f53-f952-4bc7-b11c-a2878eea67f3_1983x793.png
du-moralisateur-au-psychologisateur,209891281,https://substack-post-media.s3.amazonaws.com/public/images/1ad007ca-52bb-4369-b0cd-c6874cf244c9_1086x1448.png
du-moralisateur-au-psychologisateur,209891281,https://substack-post-media.s3.amazonaws.com/public/images/572b93dc-52ee-440e-8998-5dc7922b4ebf_1086x1448.png
du-moralisateur-au-psychologisateur,209891281,https://substack-post-media.s3.amazonaws.com/public/images/891519d6-68cf-495b-b2a5-1408dffd1dd1_1086x1448.png
du-moralisateur-au-psychologisateur,209891281,https://substack-post-media.s3.amazonaws.com/public/images/e85f6a1c-0107-4093-91c2-7aee4908037b_1536x1024.png
du-moralisateur-au-psychologisateur,209891281,https://substack-post-media.s3.amazonaws.com/public/images/879a8ea4-ad91-48e9-8f4e-dc6f7afbd75e_1536x1024.png
du-moralisateur-au-psychologisateur,209891281,https://substack-post-media.s3.amazonaws.com/public/images/cbd8568f-262b-486d-a1f4-7fec22ac6ead_1536x1024.png
du-moralisateur-au-psychologisateur,209891281,https://substack-post-media.s3.amazonaws.com/public/images/3c434dde-0e11-4c13-8733-10cdb55c34be_1086x1448.png
du-moralisateur-au-psychologisateur,209891281,https://substack-post-media.s3.amazonaws.com/public/images/cb4af019-ad0f-4c8e-9386-faeb87a5962b_1024x1536.png
du-moralisateur-au-psychologisateur,209891281,https://substack-post-media.s3.amazonaws.com/public/images/c816b256-3196-4852-b588-34745ed11e2f_1086x1448.png
du-moralisateur-au-psychologisateur,209891281,https://substack-post-media.s3.amazonaws.com/public/images/1c0d6522-3462-4d9d-832f-14532f9a4a74_1624x969.png
le-feminin-matriciel,210118446,https://substack-post-media.s3.amazonaws.com/public/images/874be269-ea15-4eec-b90a-665f331bf2e5_1024x1536.png
le-feminin-matriciel,210118446,https://substack-post-media.s3.amazonaws.com/public/images/c7165632-0f14-489a-8cda-7ea5bdb473cd_1123x1401.png
le-feminin-matriciel,210118446,https://substack-post-media.s3.amazonaws.com/public/images/5b2e27c1-34c5-467a-9a27-3f857195ec8e_1122x1402.png
le-feminin-matriciel,210118446,https://substack-post-media.s3.amazonaws.com/public/images/cd361a96-4c29-46c3-a1b4-33c592b6169d_1122x1402.png
le-feminin-matriciel,210118446,https://substack-post-media.s3.amazonaws.com/public/images/6e062323-5872-48be-84d0-600d18d32715_1047x1501.png
le-feminin-matriciel,210118446,https://substack-post-media.s3.amazonaws.com/public/images/a8e3bcf7-6ee8-450e-8329-d3715e9fd394_1055x1491.png
le-feminin-matriciel,210118446,https://substack-post-media.s3.amazonaws.com/public/images/bd090f50-b50d-4844-a63b-26f047da73d3_1122x1402.png
copy-le-feminin-matriciel,210196678,https://substack-post-media.s3.amazonaws.com/public/images/874be269-ea15-4eec-b90a-665f331bf2e5_1024x1536.png
copy-le-feminin-matriciel,210196678,https://substack-post-media.s3.amazonaws.com/public/images/c7165632-0f14-489a-8cda-7ea5bdb473cd_1123x1401.png
copy-le-feminin-matriciel,210196678,https://substack-post-media.s3.amazonaws.com/public/images/5b2e27c1-34c5-467a-9a27-3f857195ec8e_1122x1402.png
copy-le-feminin-matriciel,210196678,https://substack-post-media.s3.amazonaws.com/public/images/9f64990e-f637-4072-a967-567ae1ba1748_1448x1086.webp
copy-le-feminin-matriciel,210196678,https://substack-post-media.s3.amazonaws.com/public/images/cd361a96-4c29-46c3-a1b4-33c592b6169d_1122x1402.png
copy-le-feminin-matriciel,210196678,https://substack-post-media.s3.amazonaws.com/public/images/6e062323-5872-48be-84d0-600d18d32715_1047x1501.png
copy-le-feminin-matriciel,210196678,https://substack-post-media.s3.amazonaws.com/public/images/a8e3bcf7-6ee8-450e-8329-d3715e9fd394_1055x1491.png
copy-le-feminin-matriciel,210196678,https://substack-post-media.s3.amazonaws.com/public/images/bd090f50-b50d-4844-a63b-26f047da73d3_1122x1402.png
copy-lhymne-du-verbe-vertical,210502081,https://substack-post-media.s3.amazonaws.com/public/images/af3d31ea-29f4-4bc6-abf3-8b1e2e693670_1983x793.png
copy-lhymne-du-verbe-vertical,210502081,https://substack-post-media.s3.amazonaws.com/public/images/3e1ae840-2836-4961-a600-7ad816415674_1055x1491.png
copy-lhymne-du-verbe-vertical,210502081,https://substack-post-media.s3.amazonaws.com/public/images/73954193-5531-4c1b-ace2-f15dfe4deb1a_1024x1536.png
copy-lhymne-du-verbe-vertical,210502081,https://substack-post-media.s3.amazonaws.com/public/images/b97645f7-2cc4-4917-96cc-baa851af0789_1024x1536.png
copy-lhymne-du-verbe-vertical,210502081,https://substack-post-media.s3.amazonaws.com/public/images/9dfd4b23-256f-4bb0-8ea2-1f7097709315_1024x1536.png
copy-lhymne-du-verbe-vertical,210502081,https://substack-post-media.s3.amazonaws.com/public/images/300911d4-dbb2-4efb-ad70-f801b9d0add4_1448x1086.png
copy-lhymne-du-verbe-vertical,210502081,https://substack-post-media.s3.amazonaws.com/public/images/1c0d6522-3462-4d9d-832f-14532f9a4a74_1624x969.png
harmonis-mentis-prime,210577089,https://substack-post-media.s3.amazonaws.com/public/images/5d289e2e-7d59-4caf-b1ca-ba0367a6cf96_1122x1402.png
harmonis-mentis-prime,210577089,https://substack-post-media.s3.amazonaws.com/public/images/6e201ceb-602c-4943-8fa4-2a67f4b1f590_2430x1500.png
harmonis-mentis-prime,210577089,https://substack-post-media.s3.amazonaws.com/public/images/b9b9015e-f874-4748-aafb-9f5216f2f910_1254x1254.png
harmonis-mentis-prime,210583855,https://substack-post-media.s3.amazonaws.com/public/images/5d289e2e-7d59-4caf-b1ca-ba0367a6cf96_1122x1402.png
harmonis-mentis-prime,210583855,https://substack-post-media.s3.amazonaws.com/public/images/6e201ceb-602c-4943-8fa4-2a67f4b1f590_2430x1500.png
harmonis-mentis-prime,210583855,https://substack-post-media.s3.amazonaws.com/public/images/b9b9015e-f874-4748-aafb-9f5216f2f910_1254x1254.png
